-- phpMyAdmin SQL Dump
-- version 4.4.15.9
-- https://www.phpmyadmin.net
--
-- Servidor: localhost:3327
-- Tiempo de generación: 06-10-2018 a las 22:53:34
-- Versión del servidor: 5.6.37
-- Versión de PHP: 5.6.31

SET SQL_MODE = "NO_AUTO_VALUE_ON_ZERO";
SET time_zone = "+00:00";


/*!40101 SET @OLD_CHARACTER_SET_CLIENT=@@CHARACTER_SET_CLIENT */;
/*!40101 SET @OLD_CHARACTER_SET_RESULTS=@@CHARACTER_SET_RESULTS */;
/*!40101 SET @OLD_COLLATION_CONNECTION=@@COLLATION_CONNECTION */;
/*!40101 SET NAMES utf8mb4 */;

--
-- Base de datos: `ecommerce`
--

-- --------------------------------------------------------

--
-- Estructura de tabla para la tabla `categories`
--

CREATE TABLE IF NOT EXISTS `categories` (
  `cat_id` int(11) NOT NULL,
  `name` varchar(200) NOT NULL,
  `slug` varchar(200) NOT NULL,
  `stuts` enum('publish','trash') NOT NULL
) ENGINE=InnoDB AUTO_INCREMENT=15 DEFAULT CHARSET=latin1;

--
-- Volcado de datos para la tabla `categories`
--

INSERT INTO `categories` (`cat_id`, `name`, `slug`, `stuts`) VALUES
(1, 'Infantiles', 'infantiles', 'publish'),
(2, 'Baby shower', 'baby-shower', 'publish'),
(3, 'Primera comunion', 'primera-comunion', 'publish'),
(4, 'Matrimonio', 'matrimonio', 'publish'),
(5, 'Deportivas', 'desportivas', 'publish'),
(6, 'Despedidas', 'despedidas', 'publish'),
(7, '15 años', '15-anos', 'publish'),
(8, '18 años', '18-anos', 'publish'),
(9, '50 años', '50-anos', 'publish'),
(10, 'sdfsdfsdf', 'sdfsdfsdf', 'trash'),
(11, 'sfdfsdfsdf', 'sfdfsdfsdf', 'trash'),
(12, 'Primera comunión a sda', 'primera-comunin-a-sda', 'trash'),
(13, 'infatiles', 'infatiles', 'trash'),
(14, 'hola', 'hola', 'trash');

-- --------------------------------------------------------

--
-- Estructura de tabla para la tabla `groups`
--

CREATE TABLE IF NOT EXISTS `groups` (
  `gro_id` tinyint(1) NOT NULL,
  `gro_name` varchar(60) NOT NULL
) ENGINE=InnoDB AUTO_INCREMENT=4 DEFAULT CHARSET=utf8;

--
-- Volcado de datos para la tabla `groups`
--

INSERT INTO `groups` (`gro_id`, `gro_name`) VALUES
(1, 'admin'),
(2, 'c_admin'),
(3, 'member');

-- --------------------------------------------------------

--
-- Estructura de tabla para la tabla `invoices`
--

CREATE TABLE IF NOT EXISTS `invoices` (
  `id` int(16) NOT NULL,
  `data` datetime NOT NULL,
  `due_date` datetime NOT NULL,
  `usr_id` int(10) NOT NULL,
  `status` enum('paid','confirmed','unpaid','canceled','expired') NOT NULL,
  `total` float(12,2) NOT NULL
) ENGINE=InnoDB AUTO_INCREMENT=13 DEFAULT CHARSET=utf8;

--
-- Volcado de datos para la tabla `invoices`
--

INSERT INTO `invoices` (`id`, `data`, `due_date`, `usr_id`, `status`, `total`) VALUES
(5, '2018-09-04 04:55:57', '2018-09-05 04:55:57', 1, 'paid', 323455.91),
(6, '2018-09-11 06:51:02', '2018-09-12 06:51:02', 1, 'paid', 32.00),
(7, '2018-09-11 06:51:33', '2018-09-12 06:51:33', 1, 'paid', 0.00),
(8, '2018-09-11 07:01:01', '2018-09-12 07:01:01', 12, 'paid', 16.00),
(9, '2018-09-11 07:14:10', '2018-09-12 07:14:10', 12, 'paid', 151.00),
(10, '2018-09-17 17:07:30', '2018-09-18 17:07:30', 18, 'paid', 16.00),
(11, '2018-09-27 23:46:22', '2018-09-28 23:46:22', 19, 'paid', 16.00),
(12, '2018-10-03 00:41:53', '2018-10-04 00:41:53', 1, 'paid', 10.00);

-- --------------------------------------------------------

--
-- Estructura de tabla para la tabla `orders`
--

CREATE TABLE IF NOT EXISTS `orders` (
  `id` int(16) NOT NULL,
  `invoice_id` int(16) NOT NULL,
  `product_id` int(16) NOT NULL,
  `product_title` varchar(60) NOT NULL,
  `qty` int(3) NOT NULL,
  `price` decimal(9,2) NOT NULL,
  `options` text NOT NULL,
  `stuts` enum('publish','trash') NOT NULL
) ENGINE=InnoDB AUTO_INCREMENT=14 DEFAULT CHARSET=utf8;

--
-- Volcado de datos para la tabla `orders`
--

INSERT INTO `orders` (`id`, `invoice_id`, `product_id`, `product_title`, `qty`, `price`, `options`, `stuts`) VALUES
(1, 5, 8, 'Torta masa elástica diseño buscando a meno, relleno de Keke ', 1, '10.00', '', 'publish'),
(2, 5, 6, 'Torta masa elástica diseñado de pikachu, relleno de biscochu', 1, '16.00', 'a:3:{s:9:"porciones";s:2:"45";s:7:"mensaje";s:2:"we";s:16:"especificaciones";s:4:"wrwe";}', 'publish'),
(3, 5, 6, 'Torta masa elástica diseñado de pikachu, relleno de biscochu', 1, '16.00', 'a:3:{s:9:"porciones";s:2:"23";s:7:"mensaje";s:6:"423423";s:16:"especificaciones";s:4:"4234";}', 'publish'),
(4, 5, 6, 'Torta masa elástica diseñado de pikachu, relleno de biscochu', 1, '16.00', 'a:3:{s:9:"porciones";s:2:"22";s:7:"mensaje";s:3:"wer";s:16:"especificaciones";s:5:"werwe";}', 'publish'),
(5, 5, 2, 'Torta masa elástica diseñado de pikachu, relleno de biscochu', 1, '16.00', 'a:3:{s:9:"porciones";s:2:"23";s:7:"mensaje";s:5:"werwe";s:16:"especificaciones";s:4:"rwer";}', 'publish'),
(6, 5, 10, 'sdfsdf', 1, '323423.90', 'a:3:{s:9:"porciones";s:2:"23";s:7:"mensaje";s:4:"3224";s:16:"especificaciones";s:6:"234234";}', 'publish'),
(7, 6, 6, 'Torta masa elástica diseñado de pikachu, relleno de biscochu', 1, '16.00', 'a:3:{s:9:"porciones";s:2:"20";s:7:"mensaje";s:8:"hjghjvbh";s:16:"especificaciones";s:11:"gfdfgdghfhj";}', 'publish'),
(8, 6, 6, 'Torta masa elástica diseñado de pikachu, relleno de biscochu', 1, '16.00', 'a:3:{s:9:"porciones";s:2:"21";s:7:"mensaje";s:6:"sadasd";s:16:"especificaciones";s:4:"dfds";}', 'publish'),
(9, 8, 2, 'Torta masa elástica diseñado de pikachu, relleno de biscochu', 1, '16.00', 'a:3:{s:9:"porciones";s:2:"98";s:7:"mensaje";s:5:"fghgv";s:16:"especificaciones";s:5:"ghygf";}', 'publish'),
(10, 9, 12, 'asdas', 1, '151.00', 'a:3:{s:9:"porciones";s:2:"22";s:7:"mensaje";s:6:"jiojoj";s:16:"especificaciones";s:9:"ouihkjnkj";}', 'publish'),
(11, 10, 2, 'Torta masa elástica diseñado de pikachu, relleno de biscochu', 1, '16.00', 'a:3:{s:9:"porciones";s:2:"23";s:7:"mensaje";s:15:"               ";s:16:"especificaciones";s:9:"         ";}', 'publish'),
(12, 11, 2, 'Torta masa elástica diseñado de pikachu, relleno de biscochu', 1, '16.00', 'a:3:{s:9:"porciones";s:2:"20";s:7:"mensaje";s:11:"jaskjdkljas";s:16:"especificaciones";s:10:"sdasdadasd";}', 'publish'),
(13, 12, 4, 'Torta masa elástica diseño buscando a meno, relleno de Keke ', 1, '10.00', 'a:3:{s:9:"porciones";s:2:"20";s:7:"mensaje";s:6:"bhbjkh";s:16:"especificaciones";s:8:"jihjkbjk";}', 'publish');

-- --------------------------------------------------------

--
-- Estructura de tabla para la tabla `products`
--

CREATE TABLE IF NOT EXISTS `products` (
  `pro_id` int(16) NOT NULL,
  `pro_title` varchar(200) NOT NULL,
  `pro_description` text NOT NULL,
  `pro_price` decimal(9,2) NOT NULL,
  `pro_stock` int(3) NOT NULL,
  `pro_image` text NOT NULL,
  `cat_id` int(11) NOT NULL,
  `pro_slug` varchar(200) NOT NULL,
  `stuts` enum('publish','trash') NOT NULL
) ENGINE=InnoDB AUTO_INCREMENT=26 DEFAULT CHARSET=utf8;

--
-- Volcado de datos para la tabla `products`
--

INSERT INTO `products` (`pro_id`, `pro_title`, `pro_description`, `pro_price`, `pro_stock`, `pro_image`, `cat_id`, `pro_slug`, `stuts`) VALUES
(2, 'Torta masa elástica diseñado de pikachu, relleno de biscochuelo.', 'Soy obesin', '16.00', 5, 'http://cakesale.pe/upload/2.jpeg', 1, 'torta-masa-elstica-diseado-de-pikachu-relleno-de-biscochuelo', 'publish'),
(4, 'Torta masa elástica diseño buscando a meno, relleno de Keke  de chocolate.', 'Muuy obeesin', '10.00', 4, 'http://cakesale.pe/upload/4.jpeg', 1, 'torta-masa-elstica-diseo-buscando-a-meno-relleno-de-keke-de-chocolate', 'publish'),
(6, 'Torta masa elástica diseñado de pikachu, relleno de biscochuelo.', 'sdfsdfsdf', '16.00', 5, 'http://cakesale.pe/upload/12.jpeg', 2, 'producto-6', 'publish'),
(8, 'Torta masa elástica diseño buscando a meno, relleno de Keke  de chocolate.', 'sdfsd', '10.00', 4, 'http://cakesale.pe/upload/14.jpeg', 4, 'producto-8', 'trash'),
(9, 'weewew sdfsd fsdfsdf', 'wewwe', '2323.50', 8, '', 1, 'weewew-sdfsd-fsdfsdf', 'trash'),
(10, 'sdfsdf', 'werwer', '323423.90', 33, '', 1, 'sdfsdf', 'trash'),
(12, 'asdas', 'asdasd', '151.00', 4, 'http://cakesale.pe/upload/torta.png', 9, 'asdas', 'trash'),
(13, 'sadasdsa', 'sadsacsc', '121.00', 3, 'http://cakesale.pe/upload/torta_tajadas.png', 7, 'sadasdsa', 'trash'),
(14, '           hola', '         feliz navidad', '120.00', 17, 'http://cakesale.pe/upload/501.png', 2, 'hola', 'trash'),
(15, '               21231354', '                   323232', '151.00', 4, '', 1, '21231354', 'trash'),
(16, 'd', '                               d', '151.01', 555115, '', 1, 'd', 'trash'),
(17, 'Matrimonio 1', 'Torta de masa elástica diseñada de dos parejas  ', '60.00', 6, 'http://cakesale.pe/upload/matri4.jpg', 4, 'matrimonio-1', 'publish'),
(18, 'ecdsf', 'sdfdsfds', '12.00', 45, 'http://cakesale.pe/upload/torta_chantilly_baby_shower1.jpg', 2, 'ecdsf', 'trash'),
(19, 'Primera comunión 1 ', 'Diseñado de masa elástica diseñada de un rosario ', '50.00', 5, 'http://cakesale.pe/upload/Cruz.jpg', 3, 'primera-comunin-1', 'publish'),
(20, 'Deportivo 1', 'Torta de masa elástica diseñada con el logo de la u ', '70.00', 6, 'http://cakesale.pe/upload/dd817f03aaeafa355331db6d506d643d.jpg', 5, 'deportivo-1', 'publish'),
(21, 'Despedida 1', 'Torta de una pareja de despedida con diseño de un muñeco', '80.00', 7, 'http://cakesale.pe/upload/cfb_195887.jpg', 6, 'despedida-1', 'publish'),
(22, 'Torta de 15 años 1', 'Torta 15 años en masa elástica ', '80.00', 10, 'http://cakesale.pe/upload/tortas-de-boda-casamiento-15-anos-fondant-D_NQ_NP_740493-MLU25743115146_072017-F.jpg', 7, 'torta-de-15-aos-1', 'publish'),
(23, 'Torta de 18 años 1', 'tortas de 18 años masa elástica ', '100.00', 7, 'http://cakesale.pe/upload/100_4011.JPG', 8, 'torta-de-18-aos-1', 'publish'),
(24, 'Torta de 50 años 1', 'Torta de masa elástica de 50 años', '120.00', 11, 'http://cakesale.pe/upload/TORTA-3-240.jpg', 9, 'torta-de-50-aos-1', 'publish'),
(25, 'tiramisu', '......', '15.00', 2, 'http://cakesale.pe/upload/Torta-de-Guanabana-con-Manjar.jpg', 1, 'tiramisu', 'publish');

-- --------------------------------------------------------

--
-- Estructura de tabla para la tabla `shop_session`
--

CREATE TABLE IF NOT EXISTS `shop_session` (
  `id` varchar(40) NOT NULL,
  `ip_address` varchar(45) NOT NULL,
  `timestamp` int(10) unsigned NOT NULL DEFAULT '0',
  `data` blob NOT NULL
) ENGINE=InnoDB DEFAULT CHARSET=utf8;

--
-- Volcado de datos para la tabla `shop_session`
--

INSERT INTO `shop_session` (`id`, `ip_address`, `timestamp`, `data`) VALUES
('006f96f813da8302fc5d8d539e7e5915', '127.0.0.1', 1538028593, 0x5f5f63695f6c6173745f726567656e65726174657c693a313533383032383539333b),
('024b32fae41818c08abbc61dc034cd9c', '127.0.0.1', 1538027794, 0x5f5f63695f6c6173745f726567656e65726174657c693a313533383032373739343b),
('026106907f72da2da5fc0e0fd7ae2610', '127.0.0.1', 1538028602, 0x5f5f63695f6c6173745f726567656e65726174657c693a313533383032383630323b),
('02747a74ff926c645611f81edc2d4a8a', '127.0.0.1', 1538028574, 0x5f5f63695f6c6173745f726567656e65726174657c693a313533383032383537343b),
('0359bbd1580278b8daa7110828b60061', '127.0.0.1', 1538028169, 0x5f5f63695f6c6173745f726567656e65726174657c693a313533383032383136393b),
('0406dda9e18bac738988e6a2fecba796', '127.0.0.1', 1538028541, 0x5f5f63695f6c6173745f726567656e65726174657c693a313533383032383534313b),
('061b7c9689b0753ae2f767d934781e66', '127.0.0.1', 1538028437, 0x5f5f63695f6c6173745f726567656e65726174657c693a313533383032383433373b),
('0730c46611a0cdb272e8043d01abf68b', '127.0.0.1', 1538028716, 0x5f5f63695f6c6173745f726567656e65726174657c693a313533383032383731363b),
('09b051bd44d2beafe923b33a054f951b', '127.0.0.1', 1538027795, 0x5f5f63695f6c6173745f726567656e65726174657c693a313533383032373739353b),
('0a06c31de27b62501e9445544fab604a', '127.0.0.1', 1538025646, 0x5f5f63695f6c6173745f726567656e65726174657c693a313533383032353634363b),
('0a5bba63eae479c59a01d24753f2a99e', '127.0.0.1', 1538025645, 0x5f5f63695f6c6173745f726567656e65726174657c693a313533383032353634353b),
('0a676e723521cb925354356deff571e6', '127.0.0.1', 1538028276, 0x5f5f63695f6c6173745f726567656e65726174657c693a313533383032383237363b6c6f675f737563636573737c733a34323a2253652061637475616c697ac3b3206c6120636f6e74726165c3b16120636f7272656374616d656e74652e223b5f5f63695f766172737c613a313a7b733a31313a226c6f675f73756363657373223b733a333a226e6577223b7d),
('0b383a1f432c521bb1b40f99ebd7107d', '127.0.0.1', 1538028514, 0x5f5f63695f6c6173745f726567656e65726174657c693a313533383032383531343b),
('0c21dfc78595b55b9035c8c702f036ae', '127.0.0.1', 1538028194, 0x5f5f63695f6c6173745f726567656e65726174657c693a313533383032383139343b),
('0d2e8e111353eb4de6ee54598496b89e', '127.0.0.1', 1538028239, 0x5f5f63695f6c6173745f726567656e65726174657c693a313533383032383233393b6c6f675f6572726f727c733a36323a224e6f2065786973746520656c207573756172696f20616c2071756520717569657265207265737461626c65636572206c6120636f6e7472617365c3b1612e223b5f5f63695f766172737c613a313a7b733a393a226c6f675f6572726f72223b733a333a226e6577223b7d),
('0df54b12e375fc19e717018bc3352cae', '127.0.0.1', 1538027750, 0x5f5f63695f6c6173745f726567656e65726174657c693a313533383032373734383b6c6f675f737563636573737c733a36393a225365206c6520656e7669c3b320756e20636f7272656f20636f6e20756e20656e6c6163652070617261207265737461626c6563657220737520636f6e7472617365c3b1612e223b5f5f63695f766172737c613a313a7b733a31313a226c6f675f73756363657373223b733a333a226e6577223b7d),
('0ebb29031c46b4c5ab779c80ba856578', '127.0.0.1', 1538028587, 0x5f5f63695f6c6173745f726567656e65726174657c693a313533383032383538373b),
('0ed9f8de2d7cd0d3f62f397b3102634d', '127.0.0.1', 1538028758, 0x5f5f63695f6c6173745f726567656e65726174657c693a313533383032383735383b),
('105c994e791445768cb0c8af9de522fcfa1acf9e', '127.0.0.1', 1538088902, 0x5f5f63695f6c6173745f726567656e65726174657c693a313533383038383635313b7573725f69647c733a313a2231223b7573725f6e616d657c733a31373a2261646d696e4063616b6573616c652e7065223b7573725f70617373776f72647c733a34303a2235366635393530623732383834396430623937633162636366313639316330393061623637333463223b7573725f67726f75707c733a313a2231223b73747574737c733a373a227075626c697368223b74656c6570686f6e657c733a373a2233323432333432223b66756c6c5f6e616d657c733a31343a226173646173642064617364617364223b66697273745f6e616d657c733a363a22617364617364223b6c6173745f6e616d657c733a373a2264617364617364223b646972656363696f6e7c733a383a226466736466736466223b666163747572615f7275637c733a303a22223b666163747572615f646972656363696f6e7c733a303a22223b666163747572615f72617a6f6e5f736f6369616c7c733a303a22223b686173687c733a313a2231223b),
('10c808effcc0a5e16a9d9e0bbcf99cf9', '127.0.0.1', 1538028716, 0x5f5f63695f6c6173745f726567656e65726174657c693a313533383032383731363b),
('11d7d29bd06f3e7cb3524ff743c4f4bf', '127.0.0.1', 1538028385, 0x5f5f63695f6c6173745f726567656e65726174657c693a313533383032383338353b),
('12f7f619e5eb5398f18cc282f26e0398', '127.0.0.1', 1538025673, 0x5f5f63695f6c6173745f726567656e65726174657c693a313533383032353637333b),
('174717b73ae8956b783173ef2790d95e', '127.0.0.1', 1538028332, 0x5f5f63695f6c6173745f726567656e65726174657c693a313533383032383333323b),
('17ed1de1a445302601081a080e01183e7d2006dd', '127.0.0.1', 1538498826, 0x5f5f63695f6c6173745f726567656e65726174657c693a313533383439383630303b7573725f69647c733a313a2231223b7573725f6e616d657c733a31373a2261646d696e4063616b6573616c652e7065223b7573725f70617373776f72647c733a34303a2235366635393530623732383834396430623937633162636366313639316330393061623637333463223b7573725f67726f75707c733a313a2231223b73747574737c733a373a227075626c697368223b74656c6570686f6e657c733a373a2233323432333432223b66756c6c5f6e616d657c733a31343a226173646173642064617364617364223b66697273745f6e616d657c733a363a22617364617364223b6c6173745f6e616d657c733a373a2264617364617364223b646972656363696f6e7c733a383a226466736466736466223b666163747572615f7275637c733a303a22223b666163747572615f646972656363696f6e7c733a303a22223b666163747572615f72617a6f6e5f736f6369616c7c733a303a22223b686173687c733a313a2231223b),
('19e972128c9bbafb14b844c4427fb45652758dab', '127.0.0.1', 1538065781, 0x5f5f63695f6c6173745f726567656e65726174657c693a313533383036353533383b),
('1b6817f4d0b9307afb3da87d2f608391', '127.0.0.1', 1538026973, 0x5f5f63695f6c6173745f726567656e65726174657c693a313533383032363937333b),
('1c44de1e1b5d73d15e35ac14aeaf99cba035af25', '127.0.0.1', 1538533816, 0x5f5f63695f6c6173745f726567656e65726174657c693a313533383533333538333b7573725f69647c733a313a2231223b7573725f6e616d657c733a31373a2261646d696e4063616b6573616c652e7065223b7573725f70617373776f72647c733a34303a2235366635393530623732383834396430623937633162636366313639316330393061623637333463223b7573725f67726f75707c733a313a2231223b73747574737c733a373a227075626c697368223b74656c6570686f6e657c733a373a2233323432333432223b66756c6c5f6e616d657c733a31343a226173646173642064617364617364223b66697273745f6e616d657c733a363a22617364617364223b6c6173745f6e616d657c733a373a2264617364617364223b646972656363696f6e7c733a383a226466736466736466223b666163747572615f7275637c733a303a22223b666163747572615f646972656363696f6e7c733a303a22223b666163747572615f72617a6f6e5f736f6369616c7c733a303a22223b686173687c733a313a2231223b),
('1d7115a85181b118dfd5067ed631a256', '127.0.0.1', 1538028303, 0x5f5f63695f6c6173745f726567656e65726174657c693a313533383032383330333b),
('1e82929ed7538bf371d4cd04ef74f9c8', '127.0.0.1', 1538028314, 0x5f5f63695f6c6173745f726567656e65726174657c693a313533383032383331343b7573725f69647c733a313a2235223b7573725f6e616d657c733a31313a226e69636f406562702e7065223b7573725f70617373776f72647c733a34303a2237663036633034643539626438333630353139333632316538643064363933626433306364633965223b7573725f67726f75707c733a313a2233223b73747574737c733a353a227472617368223b74656c6570686f6e657c733a303a22223b66756c6c5f6e616d657c733a343a224e49434f223b66697273745f6e616d657c733a303a22223b6c6173745f6e616d657c733a303a22223b646972656363696f6e7c733a303a22223b666163747572615f7275637c733a303a22223b666163747572615f646972656363696f6e7c733a303a22223b666163747572615f72617a6f6e5f736f6369616c7c733a303a22223b686173687c733a34303a2231343238646632373961396134666234633036303831366565383965363061343430376632373035223b6c6f675f737563636573737c733a34323a2253652061637475616c697ac3b3206c6120636f6e74726165c3b16120636f7272656374616d656e74652e223b5f5f63695f766172737c613a313a7b733a31313a226c6f675f73756363657373223b733a333a226e6577223b7d),
('1ea21737ce0abc94b7ce6595ef5cef59', '127.0.0.1', 1538028239, 0x5f5f63695f6c6173745f726567656e65726174657c693a313533383032383233393b),
('1fd6f984392371d527feffd7d13acd4f', '127.0.0.1', 1538027750, 0x5f5f63695f6c6173745f726567656e65726174657c693a313533383032373735303b),
('1ff8059b5742067f5f78a4857408ba41', '127.0.0.1', 1538028159, 0x5f5f63695f6c6173745f726567656e65726174657c693a313533383032383135393b),
('2002f224cf7ccb753d30ac24ecd727c3', '127.0.0.1', 1538025748, 0x5f5f63695f6c6173745f726567656e65726174657c693a313533383032353734383b),
('213fa32424b6bc5cdf451023582ba6a4', '127.0.0.1', 1538028317, 0x5f5f63695f6c6173745f726567656e65726174657c693a313533383032383331373b),
('2144c0c89608ab424113a39eb3a1eca2', '127.0.0.1', 1538025645, 0x5f5f63695f6c6173745f726567656e65726174657c693a313533383032353634353b),
('21ea9316d729a59a1dee84eaffac36f6', '127.0.0.1', 1538028757, 0x5f5f63695f6c6173745f726567656e65726174657c693a313533383032383735373b),
('223e7353040535ffec23a171d05c4c4b', '127.0.0.1', 1538028574, 0x5f5f63695f6c6173745f726567656e65726174657c693a313533383032383537343b),
('241166480e12fd8fb8781dca0dbb709908942049', '127.0.0.1', 1538498585, 0x5f5f63695f6c6173745f726567656e65726174657c693a313533383439383238383b7573725f69647c733a313a2231223b7573725f6e616d657c733a31373a2261646d696e4063616b6573616c652e7065223b7573725f70617373776f72647c733a34303a2235366635393530623732383834396430623937633162636366313639316330393061623637333463223b7573725f67726f75707c733a313a2231223b73747574737c733a373a227075626c697368223b74656c6570686f6e657c733a373a2233323432333432223b66756c6c5f6e616d657c733a31343a226173646173642064617364617364223b66697273745f6e616d657c733a363a22617364617364223b6c6173745f6e616d657c733a373a2264617364617364223b646972656363696f6e7c733a383a226466736466736466223b666163747572615f7275637c733a303a22223b666163747572615f646972656363696f6e7c733a303a22223b666163747572615f72617a6f6e5f736f6369616c7c733a303a22223b686173687c733a313a2231223b),
('25ba33e8939eabdde2ecbdbd6c8ac104', '127.0.0.1', 1538028443, 0x5f5f63695f6c6173745f726567656e65726174657c693a313533383032383434333b),
('25fdb49eaa8d5ce69922439a027bd6e8', '127.0.0.1', 1538028437, 0x5f5f63695f6c6173745f726567656e65726174657c693a313533383032383433373b),
('27efff894cbf5d7afd5bda48d03fe3c9', '127.0.0.1', 1538028290, 0x5f5f63695f6c6173745f726567656e65726174657c693a313533383032383239303b6c6f675f737563636573737c733a34323a2253652061637475616c697ac3b3206c6120636f6e74726165c3b16120636f7272656374616d656e74652e223b5f5f63695f766172737c613a313a7b733a31313a226c6f675f73756363657373223b733a333a226e6577223b7d),
('281bf0942220d107f74ba5008d33b23d', '127.0.0.1', 1538025673, 0x5f5f63695f6c6173745f726567656e65726174657c693a313533383032353637333b),
('287a6a8e77dcb18fd8bcc34cca4b6cd8', '127.0.0.1', 1538028490, 0x5f5f63695f6c6173745f726567656e65726174657c693a313533383032383439303b),
('29543675ed59c8adf0dc68e8b8eb6c79', '127.0.0.1', 1538025814, 0x5f5f63695f6c6173745f726567656e65726174657c693a313533383032353831343b),
('2964b24b081cba2aaf6cdc3ad4f7a241', '127.0.0.1', 1538028316, 0x5f5f63695f6c6173745f726567656e65726174657c693a313533383032383331363b),
('2b770f232fd1599d156b15740afda1a2', '127.0.0.1', 1538028777, 0x5f5f63695f6c6173745f726567656e65726174657c693a313533383032383737373b),
('2b7ed5983b3226ca36131f898d437dfa', '127.0.0.1', 1538028314, 0x5f5f63695f6c6173745f726567656e65726174657c693a313533383032383331343b),
('2cb795985468a1c8dacbed38deb44200', '127.0.0.1', 1538028462, 0x5f5f63695f6c6173745f726567656e65726174657c693a313533383032383436323b7573725f69647c733a313a2235223b7573725f6e616d657c733a31313a226e69636f406562702e7065223b7573725f70617373776f72647c733a34303a2237663036633034643539626438333630353139333632316538643064363933626433306364633965223b7573725f67726f75707c733a313a2233223b73747574737c733a373a227075626c697368223b74656c6570686f6e657c733a303a22223b66756c6c5f6e616d657c733a343a224e49434f223b66697273745f6e616d657c733a303a22223b6c6173745f6e616d657c733a303a22223b646972656363696f6e7c733a303a22223b666163747572615f7275637c733a303a22223b666163747572615f646972656363696f6e7c733a303a22223b666163747572615f72617a6f6e5f736f6369616c7c733a303a22223b686173687c733a34303a2231343238646632373961396134666234633036303831366565383965363061343430376632373035223b6c6f675f737563636573737c733a34323a2253652061637475616c697ac3b3206c6120636f6e74726165c3b16120636f7272656374616d656e74652e223b5f5f63695f766172737c613a313a7b733a31313a226c6f675f73756363657373223b733a333a226e6577223b7d),
('2d5e9c9c3c9e2a8d4048618ba24d1fd1', '127.0.0.1', 1538027828, 0x5f5f63695f6c6173745f726567656e65726174657c693a313533383032373832373b6c6f675f737563636573737c733a36393a225365206c6520656e7669c3b320756e20636f7272656f20636f6e20756e20656e6c6163652070617261207265737461626c6563657220737520636f6e7472617365c3b1612e223b5f5f63695f766172737c613a313a7b733a31313a226c6f675f73756363657373223b733a333a226e6577223b7d),
('2dde2c4b22f053a1ca4317de201974f1', '127.0.0.1', 1538028740, 0x5f5f63695f6c6173745f726567656e65726174657c693a313533383032383734303b),
('3010cdb9fdc2ca9e88fb33d358db90a2', '127.0.0.1', 1538027828, 0x5f5f63695f6c6173745f726567656e65726174657c693a313533383032373832383b),
('302fef9919ffbd4b892027a5d7e13ebb', '127.0.0.1', 1538028514, 0x5f5f63695f6c6173745f726567656e65726174657c693a313533383032383531343b7573725f69647c733a313a2235223b7573725f6e616d657c733a31313a226e69636f406562702e7065223b7573725f70617373776f72647c733a34303a2237663036633034643539626438333630353139333632316538643064363933626433306364633965223b7573725f67726f75707c733a313a2233223b73747574737c733a373a227075626c697368223b74656c6570686f6e657c733a303a22223b66756c6c5f6e616d657c733a343a224e49434f223b66697273745f6e616d657c733a303a22223b6c6173745f6e616d657c733a303a22223b646972656363696f6e7c733a303a22223b666163747572615f7275637c733a303a22223b666163747572615f646972656363696f6e7c733a303a22223b666163747572615f72617a6f6e5f736f6369616c7c733a303a22223b686173687c733a34303a2231343238646632373961396134666234633036303831366565383965363061343430376632373035223b6c6f675f737563636573737c733a34323a2253652061637475616c697ac3b3206c6120636f6e74726165c3b16120636f7272656374616d656e74652e223b5f5f63695f766172737c613a313a7b733a31313a226c6f675f73756363657373223b733a333a226e6577223b7d),
('308d903f5b24b2f5863d7837b16d1e02', '127.0.0.1', 1538025642, 0x5f5f63695f6c6173745f726567656e65726174657c693a313533383032353634323b),
('308fb33efa6e8499173294ec02ef7579', '127.0.0.1', 1538028429, 0x5f5f63695f6c6173745f726567656e65726174657c693a313533383032383432393b),
('3158ecfdfa730ffd43819af847bdf341be72036c', '127.0.0.1', 1538066921, 0x5f5f63695f6c6173745f726567656e65726174657c693a313533383036363738383b),
('31c0c68b2756373c8f80e06665b68d075b7611e7', '127.0.0.1', 1538534604, 0x5f5f63695f6c6173745f726567656e65726174657c693a313533383533343434353b7573725f69647c733a323a223235223b7573725f6e616d657c733a32303a2270727565626131354063616b6573616c652e7065223b7573725f70617373776f72647c733a34303a2237663036633034643539626438333630353139333632316538643064363933626433306364633965223b7573725f67726f75707c733a313a2233223b73747574737c733a373a227075626c697368223b74656c6570686f6e657c733a303a22223b66756c6c5f6e616d657c733a303a22223b66697273745f6e616d657c733a303a22223b6c6173745f6e616d657c733a303a22223b646972656363696f6e7c733a303a22223b666163747572615f7275637c733a303a22223b666163747572615f646972656363696f6e7c733a303a22223b666163747572615f72617a6f6e5f736f6369616c7c733a303a22223b686173687c733a303a22223b636172745f636f6e74656e74737c613a333a7b733a31303a22636172745f746f74616c223b643a31353b733a31313a22746f74616c5f6974656d73223b643a313b733a33323a226136613535396266353231353836333766313064353461643837646536643634223b613a373a7b733a323a226964223b733a323a223235223b733a333a22717479223b643a313b733a353a227072696365223b643a31353b733a343a226e616d65223b733a383a22746972616d697375223b733a373a226f7074696f6e73223b613a333a7b733a393a22706f7263696f6e6573223b733a323a223230223b733a373a226d656e73616a65223b733a353a222e2e2e2e2e223b733a31363a226573706563696669636163696f6e6573223b733a353a222e2e2e2e2e223b7d733a353a22726f776964223b733a33323a226136613535396266353231353836333766313064353461643837646536643634223b733a383a22737562746f74616c223b643a31353b7d7d73686f7070696e675f636172747c613a333a7b733a353a226974656d73223b613a313a7b693a303b613a353a7b733a323a226964223b733a323a223235223b733a343a226e616d65223b733a383a22746972616d697375223b733a333a22717479223b643a313b733a353a227072696365223b643a31353b693a303b693a323b7d7d733a31313a22686964655f736c69646572223b623a313b733a31333a2273686f7070696e675f63617274223b613a363a7b733a353a226974656d73223b613a313a7b693a303b613a353a7b733a323a226964223b733a323a223235223b733a343a226e616d65223b733a383a22746972616d697375223b733a333a22717479223b643a313b733a353a227072696365223b643a31353b693a303b693a323b7d7d733a383a227368697070696e67223b693a303b733a383a2268616e646c696e67223b693a303b733a333a22746178223b693a303b733a383a22737562746f74616c223b643a31353b733a31313a226772616e645f746f74616c223b643a31353b7d7d50617950616c526573756c747c613a31323a7b733a353a22544f4b454e223b733a32303a2245432d32584a32333839374a3634303338323141223b733a393a2254494d455354414d50223b733a32303a22323031382d31302d30335430323a34333a32355a223b733a31333a22434f5252454c4154494f4e4944223b733a31333a2265646231306534336361666661223b733a333a2241434b223b733a373a2253756363657373223b733a373a2256455253494f4e223b733a353a223132332e30223b733a353a224255494c44223b733a363a22303030303030223b733a32333a22524544495245435455524c4449474954414c474f4f4453223b733a38373a2268747470733a2f2f7777772e73616e64626f782e70617970616c2e636f6d2f696e636f6e746578743f75736572616374696f6e3d636f6e74696e756526746f6b656e3d45432d32584a32333839374a3634303338323141223b733a31313a22524544495245435455524c223b733a3131343a2268747470733a2f2f7777772e73616e64626f782e70617970616c2e636f6d2f6367692d62696e2f7765627363723f636d643d5f657870726573732d636865636b6f75742675736572616374696f6e3d636f6e74696e756526746f6b656e3d45432d32584a32333839374a3634303338323141223b733a363a224552524f5253223b613a303a7b7d733a31313a225245515545535444415441223b613a31343a7b733a343a2255534552223b733a34303a2273616e64626f5f313231353235343736345f62697a5f617069312e616e67656c6c6579652e636f6d223b733a333a22505744223b733a31303a2231323135323534373734223b733a373a2256455253494f4e223b733a353a223132332e30223b733a31323a22425554544f4e534f55524345223b733a31383a22416e67656c6c4559455f504850436c617373223b733a393a225349474e4154555245223b733a35363a2241694b5a684545504c4a6a534963637a2e324d2e746279573559467741623645336c366d792e7059396272317a3271784b78393657313876223b733a363a224d4554484f44223b733a31383a2253657445787072657373436865636b6f7574223b733a363a224d4158414d54223b733a323a223330223b733a393a2252455455524e55524c223b733a35313a22687474703a2f2f63616b6573616c652e70652f7469656e64612f47657445787072657373436865636b6f757444657461696c73223b733a393a2243414e43454c55524c223b733a34323a22687474703a2f2f63616b6573616c652e70652f7469656e64612f70656469646f5f63616e63656c61646f223b733a363a22484452494d47223b733a33363a2268747470733a2f2f696d6167652e6962622e636f2f6b73535258392f6c6f676f2e6a7067223b733a373a224c4f474f494d47223b733a33363a2268747470733a2f2f696d6167652e6962622e636f2f6b73535258392f6c6f676f2e6a7067223b733a393a224252414e444e414d45223b733a393a2243616b652053616c65223b733a32313a22435553544f4d4552534552564943454e554d424552223b733a393a22393836353332333630223b733a32303a225041594d454e54524551554553545f305f414d54223b733a323a223135223b7d733a31303a2252415752455155455354223b733a3532393a22555345523d73616e64626f5f313231353235343736345f62697a5f617069312e616e67656c6c6579652e636f6d265057443d313231353235343737342656455253494f4e3d3132332e3026425554544f4e534f555243453d416e67656c6c4559455f504850436c617373265349474e41545552453d41694b5a684545504c4a6a534963637a2e324d2e746279573559467741623645336c366d792e7059396272317a3271784b78393657313876264d4554484f443d53657445787072657373436865636b6f7574264d4158414d543d33302652455455524e55524c3d6874747025334125324625324663616b6573616c652e70652532467469656e646125324647657445787072657373436865636b6f757444657461696c732643414e43454c55524c3d6874747025334125324625324663616b6573616c652e70652532467469656e646125324670656469646f5f63616e63656c61646f26484452494d473d6874747073253341253246253246696d6167652e6962622e636f2532466b73535258392532466c6f676f2e6a7067264c4f474f494d473d6874747073253341253246253246696d6167652e6962622e636f2532466b73535258392532466c6f676f2e6a7067264252414e444e414d453d43616b652b53616c6526435553544f4d4552534552564943454e554d4245523d393836353332333630265041594d454e54524551554553545f305f414d543d3135223b733a31313a22524157524553504f4e5345223b733a3133363a22544f4b454e3d454325326432584a32333839374a36343033383231412654494d455354414d503d3230313825326431302532643033543032253361343325336132355a26434f5252454c4154494f4e49443d656462313065343363616666612641434b3d537563636573732656455253494f4e3d31323325326530264255494c443d303030303030223b7d),
('337bb91407c430ee7ef8eb4f1421f20b', '127.0.0.1', 1538028541, 0x5f5f63695f6c6173745f726567656e65726174657c693a313533383032383534313b),
('33ae73e6cb6121d94bffc74834799556', '127.0.0.1', 1538025672, 0x5f5f63695f6c6173745f726567656e65726174657c693a313533383032353637323b),
('35527a61b373aba58f890f26dc35ea6b2b72eff3', '127.0.0.1', 1538451004, 0x5f5f63695f6c6173745f726567656e65726174657c693a313533383435313030313b),
('357baa2b6e2638bf055a0c0578fcf4e8', '127.0.0.1', 1538025752, 0x5f5f63695f6c6173745f726567656e65726174657c693a313533383032353735323b),
('36437eac8a0869720406c078763b9364', '127.0.0.1', 1538028494, 0x5f5f63695f6c6173745f726567656e65726174657c693a313533383032383439343b),
('36ca6720243392a439cbc06e10e33cf1', '127.0.0.1', 1538025643, 0x5f5f63695f6c6173745f726567656e65726174657c693a313533383032353634333b),
('38497bb29d39f50994552b9e39e5fa5e', '127.0.0.1', 1538028303, 0x5f5f63695f6c6173745f726567656e65726174657c693a313533383032383330333b6c6f675f737563636573737c733a34323a2253652061637475616c697ac3b3206c6120636f6e74726165c3b16120636f7272656374616d656e74652e223b5f5f63695f766172737c613a313a7b733a31313a226c6f675f73756363657373223b733a333a226e6577223b7d),
('3a66b1e70b2b2d94961e246c07c697821981720d', '127.0.0.1', 1538083841, 0x5f5f63695f6c6173745f726567656e65726174657c693a313533383038333537353b),
('3afabacaaf2f439802908f5887a81c44', '127.0.0.1', 1538028573, 0x5f5f63695f6c6173745f726567656e65726174657c693a313533383032383537333b),
('3c7cabb4b71fb0ca0e0b909bc2bbc9d5', '127.0.0.1', 1538028593, 0x5f5f63695f6c6173745f726567656e65726174657c693a313533383032383539333b),
('3e6c8f22ba9d6445ffb9ee5c228ca6cc', '127.0.0.1', 1538027726, 0x5f5f63695f6c6173745f726567656e65726174657c693a313533383032373732363b),
('4017bdce86e2e7566772e75748ae3e7b', '127.0.0.1', 1538028541, 0x5f5f63695f6c6173745f726567656e65726174657c693a313533383032383534313b),
('407389890ce6c8383c31a56e3910d964', '127.0.0.1', 1538028463, 0x5f5f63695f6c6173745f726567656e65726174657c693a313533383032383436333b),
('41f73a61e2aaed8683e7437d906d89e0', '127.0.0.1', 1538028463, 0x5f5f63695f6c6173745f726567656e65726174657c693a313533383032383436333b),
('42e5f79ccdf830e205c0c9b373178d13', '127.0.0.1', 1538027975, 0x5f5f63695f6c6173745f726567656e65726174657c693a313533383032373937353b),
('430089ffd1a80c09cff2370bb01c80a58afad4e6', '127.0.0.1', 1538065945, 0x5f5f63695f6c6173745f726567656e65726174657c693a313533383036353934343b),
('435a34ca5a58c94dc398dba65c66bc2d', '127.0.0.1', 1538028258, 0x5f5f63695f6c6173745f726567656e65726174657c693a313533383032383235383b),
('44f97c1e6b0c2a8ca5c5ca706d307143', '127.0.0.1', 1538028716, 0x5f5f63695f6c6173745f726567656e65726174657c693a313533383032383731363b6c6f675f6572726f727c733a36323a224e6f2065786973746520656c207573756172696f20616c2071756520717569657265207265737461626c65636572206c6120636f6e7472617365c3b1612e223b5f5f63695f766172737c613a313a7b733a393a226c6f675f6572726f72223b733a333a226e6577223b7d),
('482b724caf8c91e4465bcf36b04bc097', '127.0.0.1', 1538027708, 0x5f5f63695f6c6173745f726567656e65726174657c693a313533383032373730383b),
('487d1effa75828099beb64cb19b78ff7', '127.0.0.1', 1538028531, 0x5f5f63695f6c6173745f726567656e65726174657c693a313533383032383533313b),
('48dbcc82e6958bba224b4450bc1ad6b1', '127.0.0.1', 1538025646, 0x5f5f63695f6c6173745f726567656e65726174657c693a313533383032353634363b),
('4910424d2a1286b0a9db4b2f84ac459e', '127.0.0.1', 1538028051, 0x5f5f63695f6c6173745f726567656e65726174657c693a313533383032383035313b),
('4a3eb557b11b28068b4118a4d5ad651c', '127.0.0.1', 1538028277, 0x5f5f63695f6c6173745f726567656e65726174657c693a313533383032383237373b),
('4a41fa4325532d876bbf1538d9bb77bb', '127.0.0.1', 1538025948, 0x5f5f63695f6c6173745f726567656e65726174657c693a313533383032353934383b),
('4b9359701337fb4069e6e4b3ff8bcce2', '127.0.0.1', 1538028777, 0x5f5f63695f6c6173745f726567656e65726174657c693a313533383032383737373b),
('4bd36a786e816ee45a4be1b743a00136', '127.0.0.1', 1538028716, 0x5f5f63695f6c6173745f726567656e65726174657c693a313533383032383731363b),
('4c87805caa66e486978adfc585c47a6b', '127.0.0.1', 1538028291, 0x5f5f63695f6c6173745f726567656e65726174657c693a313533383032383239313b6c6f675f737563636573737c733a34323a2253652061637475616c697ac3b3206c6120636f6e74726165c3b16120636f7272656374616d656e74652e223b5f5f63695f766172737c613a313a7b733a31313a226c6f675f73756363657373223b733a333a226e6577223b7d),
('4d225055f30ac43f118fd338be8672a3', '127.0.0.1', 1538026956, 0x5f5f63695f6c6173745f726567656e65726174657c693a313533383032363935363b),
('4d994af60559c4327b4deb7c7f3e62df', '127.0.0.1', 1538025674, 0x5f5f63695f6c6173745f726567656e65726174657c693a313533383032353637343b),
('4e6dc19ac7c2503a17b4dc5b226eac09', '127.0.0.1', 1538028366, 0x5f5f63695f6c6173745f726567656e65726174657c693a313533383032383336363b),
('511ed37982d803dbce0a0753dfd133e1', '127.0.0.1', 1538028716, 0x5f5f63695f6c6173745f726567656e65726174657c693a313533383032383731363b),
('51e78ca3a1b88325d0fee890d4b3a5f0', '127.0.0.1', 1538028495, 0x5f5f63695f6c6173745f726567656e65726174657c693a313533383032383439353b),
('54bd7f253ba85f242b4908432157ceea3572468c', '127.0.0.1', 1538515633, 0x5f5f63695f6c6173745f726567656e65726174657c693a313533383531353633303b),
('55151912862b2380633872ed4b15c071d441a439', '127.0.0.1', 1538084025, 0x5f5f63695f6c6173745f726567656e65726174657c693a313533383038333932393b),
('56130107242545ee52d7b60b2dc87b3f', '127.0.0.1', 1538028430, 0x5f5f63695f6c6173745f726567656e65726174657c693a313533383032383433303b),
('56d8672983e79cb07f58b629ecb3be62', '127.0.0.1', 1538028596, 0x5f5f63695f6c6173745f726567656e65726174657c693a313533383032383539363b),
('57efc8e4c0662f6ff895002debbad05b', '127.0.0.1', 1538028360, 0x5f5f63695f6c6173745f726567656e65726174657c693a313533383032383336303b),
('5a5cbb713fde4d221ec9dd6464a3d5ee', '127.0.0.1', 1538027726, 0x5f5f63695f6c6173745f726567656e65726174657c693a313533383032373732363b),
('5aa1173bbbddf7e80b3eefb298d7ba28', '127.0.0.1', 1538027818, 0x5f5f63695f6c6173745f726567656e65726174657c693a313533383032373831373b6c6f675f737563636573737c733a36393a225365206c6520656e7669c3b320756e20636f7272656f20636f6e20756e20656e6c6163652070617261207265737461626c6563657220737520636f6e7472617365c3b1612e223b5f5f63695f766172737c613a313a7b733a31313a226c6f675f73756363657373223b733a333a226e6577223b7d),
('5cbc564440e692e7ab1141ce74ededc1', '127.0.0.1', 1538026980, 0x5f5f63695f6c6173745f726567656e65726174657c693a313533383032363938303b),
('5ee0cf5923796567cfea1d69518f5857', '127.0.0.1', 1538028314, 0x5f5f63695f6c6173745f726567656e65726174657c693a313533383032383331343b),
('5f6aa40e32e0f382a331ae3b62caee7283f7951a', '127.0.0.1', 1538065045, 0x5f5f63695f6c6173745f726567656e65726174657c693a313533383036343735343b7573725f69647c733a313a2231223b7573725f6e616d657c733a31373a2261646d696e4063616b6573616c652e7065223b7573725f70617373776f72647c733a34303a2235366635393530623732383834396430623937633162636366313639316330393061623637333463223b7573725f67726f75707c733a313a2231223b73747574737c733a373a227075626c697368223b74656c6570686f6e657c733a373a2233323432333432223b66756c6c5f6e616d657c733a31343a226173646173642064617364617364223b66697273745f6e616d657c733a363a22617364617364223b6c6173745f6e616d657c733a373a2264617364617364223b646972656363696f6e7c733a383a226466736466736466223b666163747572615f7275637c733a303a22223b666163747572615f646972656363696f6e7c733a303a22223b666163747572615f72617a6f6e5f736f6369616c7c733a303a22223b686173687c733a313a2231223b),
('5f8e5ea8f132e2670c34b27441e5608e', '127.0.0.1', 1538028737, 0x5f5f63695f6c6173745f726567656e65726174657c693a313533383032383733373b),
('5ff696d84a049853f61a8f3ac567aaba', '127.0.0.1', 1538028584, 0x5f5f63695f6c6173745f726567656e65726174657c693a313533383032383538343b),
('60c6bf5e57e98c0adbb2d99e6fc77e47', '127.0.0.1', 1538028239, 0x5f5f63695f6c6173745f726567656e65726174657c693a313533383032383233393b),
('62e04e72923a0c530643831d66322651', '127.0.0.1', 1538028331, 0x5f5f63695f6c6173745f726567656e65726174657c693a313533383032383333313b),
('630f93f1f9d08a58a34c571fd471f57a', '127.0.0.1', 1538027999, 0x5f5f63695f6c6173745f726567656e65726174657c693a313533383032373939393b),
('64ba22232ae6398804c5d4ef28fbbb82', '127.0.0.1', 1538028314, 0x5f5f63695f6c6173745f726567656e65726174657c693a313533383032383331343b),
('66b646bb7e98b7067393e2f719c341c9', '127.0.0.1', 1538025953, 0x5f5f63695f6c6173745f726567656e65726174657c693a313533383032353935323b),
('682bc8446369a1bc0ca4dea062062d96f1f29fa9', '127.0.0.1', 1538532183, 0x5f5f63695f6c6173745f726567656e65726174657c693a313533383533323134303b7573725f69647c733a313a2231223b7573725f6e616d657c733a31373a2261646d696e4063616b6573616c652e7065223b7573725f70617373776f72647c733a34303a2235366635393530623732383834396430623937633162636366313639316330393061623637333463223b7573725f67726f75707c733a313a2231223b73747574737c733a373a227075626c697368223b74656c6570686f6e657c733a373a2233323432333432223b66756c6c5f6e616d657c733a31343a226173646173642064617364617364223b66697273745f6e616d657c733a363a22617364617364223b6c6173745f6e616d657c733a373a2264617364617364223b646972656363696f6e7c733a383a226466736466736466223b666163747572615f7275637c733a303a22223b666163747572615f646972656363696f6e7c733a303a22223b666163747572615f72617a6f6e5f736f6369616c7c733a303a22223b686173687c733a313a2231223b73686f7070696e675f636172747c613a333a7b733a353a226974656d73223b613a313a7b693a303b613a353a7b733a323a226964223b733a313a2236223b733a343a226e616d65223b733a36363a22546f727461206d61736120656cc3a173746963612064697365c3b161646f2064652070696b616368752c2072656c6c656e6f20646520626973636f636875656c6f2e223b733a333a22717479223b643a313b733a353a227072696365223b643a31363b693a303b693a323b7d7d733a31313a22686964655f736c69646572223b623a313b733a31333a2273686f7070696e675f63617274223b613a363a7b733a353a226974656d73223b613a313a7b693a303b613a353a7b733a323a226964223b733a313a2236223b733a343a226e616d65223b733a36363a22546f727461206d61736120656cc3a173746963612064697365c3b161646f2064652070696b616368752c2072656c6c656e6f20646520626973636f636875656c6f2e223b733a333a22717479223b643a313b733a353a227072696365223b643a31363b693a303b693a323b7d7d733a383a227368697070696e67223b693a303b733a383a2268616e646c696e67223b693a303b733a333a22746178223b693a303b733a383a22737562746f74616c223b643a31363b733a31313a226772616e645f746f74616c223b643a31363b7d7d),
('68c09550133f1349bf00ea319aa63b3b', '127.0.0.1', 1538027837, 0x5f5f63695f6c6173745f726567656e65726174657c693a313533383032373833353b6c6f675f737563636573737c733a36393a225365206c6520656e7669c3b320756e20636f7272656f20636f6e20756e20656e6c6163652070617261207265737461626c6563657220737520636f6e7472617365c3b1612e223b5f5f63695f766172737c613a313a7b733a31313a226c6f675f73756363657373223b733a333a226e6577223b7d),
('694dc8006b56bd17978e032728f9a1fa', '127.0.0.1', 1538028234, 0x5f5f63695f6c6173745f726567656e65726174657c693a313533383032383233343b),
('695a71771827af519dbbf7087511ce7a', '127.0.0.1', 1538025642, 0x5f5f63695f6c6173745f726567656e65726174657c693a313533383032353634323b),
('695ac163facd3cae2f6c578c1d8d1dd1', '127.0.0.1', 1538025807, 0x5f5f63695f6c6173745f726567656e65726174657c693a313533383032353830373b),
('6ad30c8fcaebecb94ebefae9c2bedb11', '127.0.0.1', 1538027794, 0x5f5f63695f6c6173745f726567656e65726174657c693a313533383032373739343b),
('6c42988558d68d2da062e9e114d65c5e', '127.0.0.1', 1538028290, 0x5f5f63695f6c6173745f726567656e65726174657c693a313533383032383239303b),
('6d2b9c42c0a69da12a66bbbc88a3fb7c', '127.0.0.1', 1538025674, 0x5f5f63695f6c6173745f726567656e65726174657c693a313533383032353637343b),
('6de5ae2046177379e44152272f10ed09', '127.0.0.1', 1538027800, 0x5f5f63695f6c6173745f726567656e65726174657c693a313533383032373739383b6c6f675f737563636573737c733a36393a225365206c6520656e7669c3b320756e20636f7272656f20636f6e20756e20656e6c6163652070617261207265737461626c6563657220737520636f6e7472617365c3b1612e223b5f5f63695f766172737c613a313a7b733a31313a226c6f675f73756363657373223b733a333a226e6577223b7d),
('6e4c2ce9464ac8b01854da8f126be965', '127.0.0.1', 1538028234, 0x5f5f63695f6c6173745f726567656e65726174657c693a313533383032383233343b),
('6edb43125a4542240bf70cfaf73fb174', '127.0.0.1', 1538025959, 0x5f5f63695f6c6173745f726567656e65726174657c693a313533383032353935393b),
('6fc593dc2642019c109f8185a89ae72b', '127.0.0.1', 1538028582, 0x5f5f63695f6c6173745f726567656e65726174657c693a313533383032383538323b),
('700d753881e29956240dc7fe685c76db', '127.0.0.1', 1538028490, 0x5f5f63695f6c6173745f726567656e65726174657c693a313533383032383439303b),
('707868c0ac331b2b97d3b1844cb68f7d', '127.0.0.1', 1538028603, 0x5f5f63695f6c6173745f726567656e65726174657c693a313533383032383630333b),
('713486a674c17c619ac5a970094783c004980660', '127.0.0.1', 1538084503, 0x5f5f63695f6c6173745f726567656e65726174657c693a313533383038343530333b),
('719765ce8b225058fd64c43ef37e5ae6', '127.0.0.1', 1538028259, 0x5f5f63695f6c6173745f726567656e65726174657c693a313533383032383235393b),
('720bab0823325519454b3d04b0cdb1a8', '127.0.0.1', 1538025644, 0x5f5f63695f6c6173745f726567656e65726174657c693a313533383032353634343b),
('72be52932842f5392c503155237d542f', '127.0.0.1', 1538027975, 0x5f5f63695f6c6173745f726567656e65726174657c693a313533383032373937353b),
('74ae35817afa0bbe616b1b352daed343', '127.0.0.1', 1538028240, 0x5f5f63695f6c6173745f726567656e65726174657c693a313533383032383234303b),
('77b4197e36e3c630ec107fa2819353d6', '127.0.0.1', 1538025644, 0x5f5f63695f6c6173745f726567656e65726174657c693a313533383032353634343b),
('788c14e913b40f48d11292d8ba199f89', '127.0.0.1', 1538028428, 0x5f5f63695f6c6173745f726567656e65726174657c693a313533383032383432383b),
('79f5baa2a13f637357ae081da25e3c59', '127.0.0.1', 1538027012, 0x5f5f63695f6c6173745f726567656e65726174657c693a313533383032373031323b),
('7a2a9e53acaeccf0d547dd64f2f48789', '127.0.0.1', 1538025672, 0x5f5f63695f6c6173745f726567656e65726174657c693a313533383032353637323b),
('7cb8d609c18b0fe94a0c9fea4363dec2', '127.0.0.1', 1538028777, 0x5f5f63695f6c6173745f726567656e65726174657c693a313533383032383737373b),
('7ded0c5fb5ae4e7cdec02fe86e8db67a70bd3237', '127.0.0.1', 1538499276, 0x5f5f63695f6c6173745f726567656e65726174657c693a313533383439393036343b7573725f69647c733a313a2231223b7573725f6e616d657c733a31373a2261646d696e4063616b6573616c652e7065223b7573725f70617373776f72647c733a34303a2235366635393530623732383834396430623937633162636366313639316330393061623637333463223b7573725f67726f75707c733a313a2231223b73747574737c733a373a227075626c697368223b74656c6570686f6e657c733a373a2233323432333432223b66756c6c5f6e616d657c733a31343a226173646173642064617364617364223b66697273745f6e616d657c733a363a22617364617364223b6c6173745f6e616d657c733a373a2264617364617364223b646972656363696f6e7c733a383a226466736466736466223b666163747572615f7275637c733a303a22223b666163747572615f646972656363696f6e7c733a303a22223b666163747572615f72617a6f6e5f736f6369616c7c733a303a22223b686173687c733a313a2231223b),
('7f8204f3aac739a24a93caa4ee1e63b0cf0ed5fc', '127.0.0.1', 1538090756, 0x5f5f63695f6c6173745f726567656e65726174657c693a313533383039303735363b7573725f69647c733a313a2231223b7573725f6e616d657c733a31373a2261646d696e4063616b6573616c652e7065223b7573725f70617373776f72647c733a34303a2235366635393530623732383834396430623937633162636366313639316330393061623637333463223b7573725f67726f75707c733a313a2231223b73747574737c733a373a227075626c697368223b74656c6570686f6e657c733a373a2233323432333432223b66756c6c5f6e616d657c733a31343a226173646173642064617364617364223b66697273745f6e616d657c733a363a22617364617364223b6c6173745f6e616d657c733a373a2264617364617364223b646972656363696f6e7c733a383a226466736466736466223b666163747572615f7275637c733a303a22223b666163747572615f646972656363696f6e7c733a303a22223b666163747572615f72617a6f6e5f736f6369616c7c733a303a22223b686173687c733a313a2231223b),
('8165bbbfa8804b40958ae03be33346eb', '127.0.0.1', 1538028367, 0x5f5f63695f6c6173745f726567656e65726174657c693a313533383032383336373b),
('81ffacc58f997ecf14a990adf18f2f66', '127.0.0.1', 1538027795, 0x5f5f63695f6c6173745f726567656e65726174657c693a313533383032373739353b),
('832175d8f45853e8053d2f3200c815b5', '127.0.0.1', 1538025640, 0x5f5f63695f6c6173745f726567656e65726174657c693a313533383032353634303b),
('8434db09ef5191cf10023a9442c1c266', '127.0.0.1', 1538028757, 0x5f5f63695f6c6173745f726567656e65726174657c693a313533383032383735373b),
('8446fe3eca4de0e2ce7ae939e8386b08', '127.0.0.1', 1538028430, 0x5f5f63695f6c6173745f726567656e65726174657c693a313533383032383433303b),
('863ded9af947ad23ef0d3f35b4ae9e61', '127.0.0.1', 1538028624, 0x5f5f63695f6c6173745f726567656e65726174657c693a313533383032383632343b),
('8658507fa3d48a4d0b4e922b4b45cdd1a8f58819', '127.0.0.1', 1538527446, 0x5f5f63695f6c6173745f726567656e65726174657c693a313533383532373331313b7573725f69647c733a313a2231223b7573725f6e616d657c733a31373a2261646d696e4063616b6573616c652e7065223b7573725f70617373776f72647c733a34303a2235366635393530623732383834396430623937633162636366313639316330393061623637333463223b7573725f67726f75707c733a313a2231223b73747574737c733a373a227075626c697368223b74656c6570686f6e657c733a373a2233323432333432223b66756c6c5f6e616d657c733a31343a226173646173642064617364617364223b66697273745f6e616d657c733a363a22617364617364223b6c6173745f6e616d657c733a373a2264617364617364223b646972656363696f6e7c733a383a226466736466736466223b666163747572615f7275637c733a303a22223b666163747572615f646972656363696f6e7c733a303a22223b666163747572615f72617a6f6e5f736f6369616c7c733a303a22223b686173687c733a313a2231223b636172745f636f6e74656e74737c613a333a7b733a31303a22636172745f746f74616c223b643a31363b733a31313a22746f74616c5f6974656d73223b643a313b733a33323a223139353037353763323134376137636437386138656233306533316161353563223b613a373a7b733a323a226964223b733a313a2236223b733a333a22717479223b643a313b733a353a227072696365223b643a31363b733a343a226e616d65223b733a36363a22546f727461206d61736120656cc3a173746963612064697365c3b161646f2064652070696b616368752c2072656c6c656e6f20646520626973636f636875656c6f2e223b733a373a226f7074696f6e73223b613a333a7b733a393a22706f7263696f6e6573223b733a323a223232223b733a373a226d656e73616a65223b733a343a2235313531223b733a31363a226573706563696669636163696f6e6573223b733a343a2231353136223b7d733a353a22726f776964223b733a33323a223139353037353763323134376137636437386138656233306533316161353563223b733a383a22737562746f74616c223b643a31363b7d7d73686f7070696e675f636172747c613a333a7b733a353a226974656d73223b613a313a7b693a303b613a353a7b733a323a226964223b733a313a2236223b733a343a226e616d65223b733a36363a22546f727461206d61736120656cc3a173746963612064697365c3b161646f2064652070696b616368752c2072656c6c656e6f20646520626973636f636875656c6f2e223b733a333a22717479223b643a313b733a353a227072696365223b643a31363b693a303b693a323b7d7d733a31313a22686964655f736c69646572223b623a313b733a31333a2273686f7070696e675f63617274223b613a363a7b733a353a226974656d73223b613a313a7b693a303b613a353a7b733a323a226964223b733a313a2236223b733a343a226e616d65223b733a36363a22546f727461206d61736120656cc3a173746963612064697365c3b161646f2064652070696b616368752c2072656c6c656e6f20646520626973636f636875656c6f2e223b733a333a22717479223b643a313b733a353a227072696365223b643a31363b693a303b693a323b7d7d733a383a227368697070696e67223b693a303b733a383a2268616e646c696e67223b693a303b733a333a22746178223b693a303b733a383a22737562746f74616c223b643a31363b733a31313a226772616e645f746f74616c223b643a31363b7d7d),
('87ad1bfae87367939d1b7b579500dc75', '127.0.0.1', 1538027988, 0x5f5f63695f6c6173745f726567656e65726174657c693a313533383032373938383b),
('88005bf11ddcfc2f7e7105b3d35e1a72', '127.0.0.1', 1538026919, 0x5f5f63695f6c6173745f726567656e65726174657c693a313533383032363931393b),
('8881a3dd4d0b4c4c473a6b7043525e7f493ece0a', '127.0.0.1', 1538527130, 0x5f5f63695f6c6173745f726567656e65726174657c693a313533383532363935383b7573725f69647c733a313a2231223b7573725f6e616d657c733a31373a2261646d696e4063616b6573616c652e7065223b7573725f70617373776f72647c733a34303a2235366635393530623732383834396430623937633162636366313639316330393061623637333463223b7573725f67726f75707c733a313a2231223b73747574737c733a373a227075626c697368223b74656c6570686f6e657c733a373a2233323432333432223b66756c6c5f6e616d657c733a31343a226173646173642064617364617364223b66697273745f6e616d657c733a363a22617364617364223b6c6173745f6e616d657c733a373a2264617364617364223b646972656363696f6e7c733a383a226466736466736466223b666163747572615f7275637c733a303a22223b666163747572615f646972656363696f6e7c733a303a22223b666163747572615f72617a6f6e5f736f6369616c7c733a303a22223b686173687c733a313a2231223b636172745f636f6e74656e74737c613a333a7b733a31303a22636172745f746f74616c223b643a31303b733a31313a22746f74616c5f6974656d73223b643a313b733a33323a223532353438313062393434303934373835633166366636313432613639376664223b613a373a7b733a323a226964223b733a313a2234223b733a333a22717479223b643a313b733a353a227072696365223b643a31303b733a343a226e616d65223b733a37363a22546f727461206d61736120656cc3a173746963612064697365c3b16f2062757363616e646f2061206d656e6f2c2072656c6c656e6f206465204b656b65202064652063686f636f6c6174652e223b733a373a226f7074696f6e73223b613a333a7b733a393a22706f7263696f6e6573223b733a323a223230223b733a373a226d656e73616a65223b733a363a226268626a6b68223b733a31363a226573706563696669636163696f6e6573223b733a383a226a69686a6b626a6b223b7d733a353a22726f776964223b733a33323a223532353438313062393434303934373835633166366636313432613639376664223b733a383a22737562746f74616c223b643a31303b7d7d73686f7070696e675f636172747c613a333a7b733a353a226974656d73223b613a313a7b693a303b613a353a7b733a323a226964223b733a313a2234223b733a343a226e616d65223b733a37363a22546f727461206d61736120656cc3a173746963612064697365c3b16f2062757363616e646f2061206d656e6f2c2072656c6c656e6f206465204b656b65202064652063686f636f6c6174652e223b733a333a22717479223b643a313b733a353a227072696365223b643a31303b693a303b693a323b7d7d733a31313a22686964655f736c69646572223b623a313b733a31333a2273686f7070696e675f63617274223b613a363a7b733a353a226974656d73223b613a313a7b693a303b613a353a7b733a323a226964223b733a313a2234223b733a343a226e616d65223b733a37363a22546f727461206d61736120656cc3a173746963612064697365c3b16f2062757363616e646f2061206d656e6f2c2072656c6c656e6f206465204b656b65202064652063686f636f6c6174652e223b733a333a22717479223b643a313b733a353a227072696365223b643a31303b693a303b693a323b7d7d733a383a227368697070696e67223b693a303b733a383a2268616e646c696e67223b693a303b733a333a22746178223b693a303b733a383a22737562746f74616c223b643a31303b733a31313a226772616e645f746f74616c223b643a31303b7d7d50617950616c526573756c747c613a31323a7b733a353a22544f4b454e223b733a32303a2245432d375958393938353754383635393734324c223b733a393a2254494d455354414d50223b733a32303a22323031382d31302d30335430303a33383a35315a223b733a31333a22434f5252454c4154494f4e4944223b733a31333a2233616164356665366533396464223b733a333a2241434b223b733a373a2253756363657373223b733a373a2256455253494f4e223b733a353a223132332e30223b733a353a224255494c44223b733a363a22303030303030223b733a32333a22524544495245435455524c4449474954414c474f4f4453223b733a38373a2268747470733a2f2f7777772e73616e64626f782e70617970616c2e636f6d2f696e636f6e746578743f75736572616374696f6e3d636f6e74696e756526746f6b656e3d45432d375958393938353754383635393734324c223b733a31313a22524544495245435455524c223b733a3131343a2268747470733a2f2f7777772e73616e64626f782e70617970616c2e636f6d2f6367692d62696e2f7765627363723f636d643d5f657870726573732d636865636b6f75742675736572616374696f6e3d636f6e74696e756526746f6b656e3d45432d375958393938353754383635393734324c223b733a363a224552524f5253223b613a303a7b7d733a31313a225245515545535444415441223b613a31343a7b733a343a2255534552223b733a34303a2273616e64626f5f313231353235343736345f62697a5f617069312e616e67656c6c6579652e636f6d223b733a333a22505744223b733a31303a2231323135323534373734223b733a373a2256455253494f4e223b733a353a223132332e30223b733a31323a22425554544f4e534f55524345223b733a31383a22416e67656c6c4559455f504850436c617373223b733a393a225349474e4154555245223b733a35363a2241694b5a684545504c4a6a534963637a2e324d2e746279573559467741623645336c366d792e7059396272317a3271784b78393657313876223b733a363a224d4554484f44223b733a31383a2253657445787072657373436865636b6f7574223b733a363a224d4158414d54223b733a323a223230223b733a393a2252455455524e55524c223b733a35313a22687474703a2f2f63616b6573616c652e70652f7469656e64612f47657445787072657373436865636b6f757444657461696c73223b733a393a2243414e43454c55524c223b733a34323a22687474703a2f2f63616b6573616c652e70652f7469656e64612f70656469646f5f63616e63656c61646f223b733a363a22484452494d47223b733a33363a2268747470733a2f2f696d6167652e6962622e636f2f6b73535258392f6c6f676f2e6a7067223b733a373a224c4f474f494d47223b733a33363a2268747470733a2f2f696d6167652e6962622e636f2f6b73535258392f6c6f676f2e6a7067223b733a393a224252414e444e414d45223b733a393a2243616b652053616c65223b733a32313a22435553544f4d4552534552564943454e554d424552223b733a393a22393836353332333630223b733a32303a225041594d454e54524551554553545f305f414d54223b733a323a223130223b7d733a31303a2252415752455155455354223b733a3532393a22555345523d73616e64626f5f313231353235343736345f62697a5f617069312e616e67656c6c6579652e636f6d265057443d313231353235343737342656455253494f4e3d3132332e3026425554544f4e534f555243453d416e67656c6c4559455f504850436c617373265349474e41545552453d41694b5a684545504c4a6a534963637a2e324d2e746279573559467741623645336c366d792e7059396272317a3271784b78393657313876264d4554484f443d53657445787072657373436865636b6f7574264d4158414d543d32302652455455524e55524c3d6874747025334125324625324663616b6573616c652e70652532467469656e646125324647657445787072657373436865636b6f757444657461696c732643414e43454c55524c3d6874747025334125324625324663616b6573616c652e70652532467469656e646125324670656469646f5f63616e63656c61646f26484452494d473d6874747073253341253246253246696d6167652e6962622e636f2532466b73535258392532466c6f676f2e6a7067264c4f474f494d473d6874747073253341253246253246696d6167652e6962622e636f2532466b73535258392532466c6f676f2e6a7067264252414e444e414d453d43616b652b53616c6526435553544f4d4552534552564943454e554d4245523d393836353332333630265041594d454e54524551554553545f305f414d543d3130223b733a31313a22524157524553504f4e5345223b733a3133363a22544f4b454e3d4543253264375958393938353754383635393734324c2654494d455354414d503d3230313825326431302532643033543030253361333825336135315a26434f5252454c4154494f4e49443d336161643566653665333964642641434b3d537563636573732656455253494f4e3d31323325326530264255494c443d303030303030223b7d),
('8969bae0dd79468673f7fc9014a299cf', '127.0.0.1', 1538028159, 0x5f5f63695f6c6173745f726567656e65726174657c693a313533383032383135393b),
('89d08935b7b4994281bbc77dd9c470e7', '127.0.0.1', 1538028573, 0x5f5f63695f6c6173745f726567656e65726174657c693a313533383032383537333b),
('89d0bafd90d12d4bef7b13b7315dd9a2', '127.0.0.1', 1538028169, 0x5f5f63695f6c6173745f726567656e65726174657c693a313533383032383136393b),
('8dede88618e6aef0a72dedb59b3f8bba', '127.0.0.1', 1538027750, 0x5f5f63695f6c6173745f726567656e65726174657c693a313533383032373735303b),
('8e4618c62679357842fd767213127e53', '127.0.0.1', 1538027988, 0x5f5f63695f6c6173745f726567656e65726174657c693a313533383032373938383b),
('8e738aac898ea056e066d2eba913b13c', '127.0.0.1', 1538025674, 0x5f5f63695f6c6173745f726567656e65726174657c693a313533383032353637343b),
('905b60b506c50bc08e7372fb7cef962a', '127.0.0.1', 1538027999, 0x5f5f63695f6c6173745f726567656e65726174657c693a313533383032373939393b),
('906dab333a4f6d153a1c34a42d001b87', '127.0.0.1', 1538028734, 0x5f5f63695f6c6173745f726567656e65726174657c693a313533383032383733343b),
('90afed7dd000f4f6bc8e583c0d3835ca', '127.0.0.1', 1538025675, 0x5f5f63695f6c6173745f726567656e65726174657c693a313533383032353637353b),
('928fef3ead80d829ce07827aedf49dd5', '127.0.0.1', 1538025641, 0x5f5f63695f6c6173745f726567656e65726174657c693a313533383032353634313b),
('953f06ea276ad2b5086f0082332ece6c', '127.0.0.1', 1538028454, 0x5f5f63695f6c6173745f726567656e65726174657c693a313533383032383435343b),
('962102295f9e186544ee43379320b396', '127.0.0.1', 1538025814, 0x5f5f63695f6c6173745f726567656e65726174657c693a313533383032353831343b),
('96a341b46d5ef5a8323c4385104d227f', '127.0.0.1', 1538028515, 0x5f5f63695f6c6173745f726567656e65726174657c693a313533383032383531353b),
('97922a4e64297d87f45f804a1b67dd4d', '127.0.0.1', 1538027013, 0x5f5f63695f6c6173745f726567656e65726174657c693a313533383032373031333b),
('97a193db9df3d7ef494504aed7956ffb', '127.0.0.1', 1538028536, 0x5f5f63695f6c6173745f726567656e65726174657c693a313533383032383533363b);
INSERT INTO `shop_session` (`id`, `ip_address`, `timestamp`, `data`) VALUES
('982a7c92b83c09f13993ed9a471a3a8269cdb4af', '127.0.0.1', 1538092048, 0x5f5f63695f6c6173745f726567656e65726174657c693a313533383039313938303b7573725f69647c733a323a223139223b7573725f6e616d657c733a32303a2264696573746f6e65323940676d61696c2e636f6d223b7573725f70617373776f72647c733a34303a2231663832656137356335636335323637323965326435383161656233616563636665663434303765223b7573725f67726f75707c733a313a2233223b73747574737c733a373a227075626c697368223b74656c6570686f6e657c733a393a22363534353435343635223b66756c6c5f6e616d657c733a31323a22446965676f204361726c6f73223b66697273745f6e616d657c733a353a22446965676f223b6c6173745f6e616d657c733a363a224361726c6f73223b646972656363696f6e7c733a31373a226461736d646b6a61736b6c6a646b6c6173223b666163747572615f7275637c733a303a22223b666163747572615f646972656363696f6e7c733a303a22223b666163747572615f72617a6f6e5f736f6369616c7c733a303a22223b686173687c733a34303a2230303135396431663534393665653761343739633632313132616136316563343937346163323364223b636172745f636f6e74656e74737c613a333a7b733a31303a22636172745f746f74616c223b643a31303b733a31313a22746f74616c5f6974656d73223b643a313b733a33323a223539326266373963373265623663643962363066613936396635313466303937223b613a373a7b733a323a226964223b733a313a2234223b733a333a22717479223b643a313b733a353a227072696365223b643a31303b733a343a226e616d65223b733a37363a22546f727461206d61736120656cc3a173746963612064697365c3b16f2062757363616e646f2061206d656e6f2c2072656c6c656e6f206465204b656b65202064652063686f636f6c6174652e223b733a373a226f7074696f6e73223b613a333a7b733a393a22706f7263696f6e6573223b733a323a223230223b733a373a226d656e73616a65223b733a31303a22686a6a6766686a6a6b62223b733a31363a226573706563696669636163696f6e6573223b733a393a227a7664666473666473223b7d733a353a22726f776964223b733a33323a223539326266373963373265623663643962363066613936396635313466303937223b733a383a22737562746f74616c223b643a31303b7d7d73686f7070696e675f636172747c613a333a7b733a353a226974656d73223b613a313a7b693a303b613a353a7b733a323a226964223b733a313a2234223b733a343a226e616d65223b733a37363a22546f727461206d61736120656cc3a173746963612064697365c3b16f2062757363616e646f2061206d656e6f2c2072656c6c656e6f206465204b656b65202064652063686f636f6c6174652e223b733a333a22717479223b643a313b733a353a227072696365223b643a31303b693a303b693a323b7d7d733a31313a22686964655f736c69646572223b623a313b733a31333a2273686f7070696e675f63617274223b613a363a7b733a353a226974656d73223b613a313a7b693a303b613a353a7b733a323a226964223b733a313a2234223b733a343a226e616d65223b733a37363a22546f727461206d61736120656cc3a173746963612064697365c3b16f2062757363616e646f2061206d656e6f2c2072656c6c656e6f206465204b656b65202064652063686f636f6c6174652e223b733a333a22717479223b643a313b733a353a227072696365223b643a31303b693a303b693a323b7d7d733a383a227368697070696e67223b693a303b733a383a2268616e646c696e67223b693a303b733a333a22746178223b693a303b733a383a22737562746f74616c223b643a31303b733a31313a226772616e645f746f74616c223b643a31303b7d7d),
('989e5533251a47885ef54848bddb3b40', '127.0.0.1', 1538028430, 0x5f5f63695f6c6173745f726567656e65726174657c693a313533383032383433303b),
('993ea24ed7ea63cb0ba3acf03c920998', '127.0.0.1', 1538027709, 0x5f5f63695f6c6173745f726567656e65726174657c693a313533383032373730393b),
('99c5d27acaed21e53c4287ed0606dbf929e796c3', '127.0.0.1', 1538530970, 0x5f5f63695f6c6173745f726567656e65726174657c693a313533383533303931373b7573725f69647c733a313a2231223b7573725f6e616d657c733a31373a2261646d696e4063616b6573616c652e7065223b7573725f70617373776f72647c733a34303a2235366635393530623732383834396430623937633162636366313639316330393061623637333463223b7573725f67726f75707c733a313a2231223b73747574737c733a373a227075626c697368223b74656c6570686f6e657c733a373a2233323432333432223b66756c6c5f6e616d657c733a31343a226173646173642064617364617364223b66697273745f6e616d657c733a363a22617364617364223b6c6173745f6e616d657c733a373a2264617364617364223b646972656363696f6e7c733a383a226466736466736466223b666163747572615f7275637c733a303a22223b666163747572615f646972656363696f6e7c733a303a22223b666163747572615f72617a6f6e5f736f6369616c7c733a303a22223b686173687c733a313a2231223b73686f7070696e675f636172747c613a333a7b733a353a226974656d73223b613a313a7b693a303b613a353a7b733a323a226964223b733a313a2236223b733a343a226e616d65223b733a36363a22546f727461206d61736120656cc3a173746963612064697365c3b161646f2064652070696b616368752c2072656c6c656e6f20646520626973636f636875656c6f2e223b733a333a22717479223b643a313b733a353a227072696365223b643a31363b693a303b693a323b7d7d733a31313a22686964655f736c69646572223b623a313b733a31333a2273686f7070696e675f63617274223b613a363a7b733a353a226974656d73223b613a313a7b693a303b613a353a7b733a323a226964223b733a313a2236223b733a343a226e616d65223b733a36363a22546f727461206d61736120656cc3a173746963612064697365c3b161646f2064652070696b616368752c2072656c6c656e6f20646520626973636f636875656c6f2e223b733a333a22717479223b643a313b733a353a227072696365223b643a31363b693a303b693a323b7d7d733a383a227368697070696e67223b693a303b733a383a2268616e646c696e67223b693a303b733a333a22746178223b693a303b733a383a22737562746f74616c223b643a31363b733a31313a226772616e645f746f74616c223b643a31363b7d7d),
('9b5713259587414ea9ff298509bb2f13ddf9d04c', '127.0.0.1', 1538497848, 0x5f5f63695f6c6173745f726567656e65726174657c693a313533383439373636373b7573725f69647c733a313a2231223b7573725f6e616d657c733a31373a2261646d696e4063616b6573616c652e7065223b7573725f70617373776f72647c733a34303a2235366635393530623732383834396430623937633162636366313639316330393061623637333463223b7573725f67726f75707c733a313a2231223b73747574737c733a373a227075626c697368223b74656c6570686f6e657c733a373a2233323432333432223b66756c6c5f6e616d657c733a31343a226173646173642064617364617364223b66697273745f6e616d657c733a363a22617364617364223b6c6173745f6e616d657c733a373a2264617364617364223b646972656363696f6e7c733a383a226466736466736466223b666163747572615f7275637c733a303a22223b666163747572615f646972656363696f6e7c733a303a22223b666163747572615f72617a6f6e5f736f6369616c7c733a303a22223b686173687c733a313a2231223b),
('9b97b692accee75fc86a177255fbdec7', '127.0.0.1', 1538026919, 0x5f5f63695f6c6173745f726567656e65726174657c693a313533383032363931393b),
('9ba92398233fc8576d4a1fea75db1ed3', '127.0.0.1', 1538027800, 0x5f5f63695f6c6173745f726567656e65726174657c693a313533383032373830303b),
('9c9731c6e839d638b3b3ba9eb715f2db', '127.0.0.1', 1538028182, 0x5f5f63695f6c6173745f726567656e65726174657c693a313533383032383138323b),
('9d0a15ec2f6746b99a0f78c286064b31', '127.0.0.1', 1538028624, 0x5f5f63695f6c6173745f726567656e65726174657c693a313533383032383632343b),
('9e6ecc2367abfd0b74e3473a9fbd5549', '127.0.0.1', 1538025673, 0x5f5f63695f6c6173745f726567656e65726174657c693a313533383032353637333b),
('9f2da3df79d5fcc0664da41a1c1f1eb2f1ce545a', '127.0.0.1', 1538516028, 0x5f5f63695f6c6173745f726567656e65726174657c693a313533383531363032333b),
('9f569ccb092423c62998325b7478b20e', '127.0.0.1', 1538025643, 0x5f5f63695f6c6173745f726567656e65726174657c693a313533383032353634333b),
('9f6e6cd3c87b35dd8a0c640d57cdf3c2', '127.0.0.1', 1538028367, 0x5f5f63695f6c6173745f726567656e65726174657c693a313533383032383336373b),
('a0f1b6fcbafbb7ca320c0139995cd3d4', '127.0.0.1', 1538028541, 0x5f5f63695f6c6173745f726567656e65726174657c693a313533383032383534313b),
('a24d30a7f711c04c30a4540cd8dd9c88', '127.0.0.1', 1538028573, 0x5f5f63695f6c6173745f726567656e65726174657c693a313533383032383537333b),
('a33ea704f3d2f52cc90e063af23c633e05c1b7b9', '127.0.0.1', 1538030568, 0x5f5f63695f6c6173745f726567656e65726174657c693a313533383033303531383b7573725f69647c733a323a223139223b7573725f6e616d657c733a32303a2264696573746f6e65323940676d61696c2e636f6d223b7573725f70617373776f72647c733a34303a2231663832656137356335636335323637323965326435383161656233616563636665663434303765223b7573725f67726f75707c733a313a2233223b73747574737c733a373a227075626c697368223b74656c6570686f6e657c733a393a22363534353435343635223b66756c6c5f6e616d657c733a31323a22446965676f204361726c6f73223b66697273745f6e616d657c733a353a22446965676f223b6c6173745f6e616d657c733a363a224361726c6f73223b646972656363696f6e7c733a31373a226461736d646b6a61736b6c6a646b6c6173223b666163747572615f7275637c733a303a22223b666163747572615f646972656363696f6e7c733a303a22223b666163747572615f72617a6f6e5f736f6369616c7c733a303a22223b686173687c733a34303a2237633234636365376164633363633561613431633236353966386162303539326263346635363630223b),
('a42fa52ad748ec67e3ba2e0479b9313e6b987b19', '127.0.0.1', 1538364272, 0x5f5f63695f6c6173745f726567656e65726174657c693a313533383336343236363b),
('a625ca4d3ce7af305154b882b31a85ae', '127.0.0.1', 1538025958, 0x5f5f63695f6c6173745f726567656e65726174657c693a313533383032353935383b),
('a66d3cbb8167a2f155753fdcb564f70a', '127.0.0.1', 1538025807, 0x5f5f63695f6c6173745f726567656e65726174657c693a313533383032353830373b),
('a6e0c290765deac3b8ae29e74bad8dd9', '127.0.0.1', 1538028737, 0x5f5f63695f6c6173745f726567656e65726174657c693a313533383032383733373b),
('a7074508e974b721e8532013c0897c6c', '127.0.0.1', 1538028359, 0x5f5f63695f6c6173745f726567656e65726174657c693a313533383032383335393b),
('a7d2947db6d2ec4fd6fd20541cd03e8e', '127.0.0.1', 1538028573, 0x5f5f63695f6c6173745f726567656e65726174657c693a313533383032383537333b),
('a9c2b09cdceffefa95219485ade5a02f', '127.0.0.1', 1538028236, 0x5f5f63695f6c6173745f726567656e65726174657c693a313533383032383233363b),
('a9f485d7dcebfdc1854d86ecade1f370', '127.0.0.1', 1538028292, 0x5f5f63695f6c6173745f726567656e65726174657c693a313533383032383239323b),
('aa08d8c65104120baab1435eab9f5623', '127.0.0.1', 1538028386, 0x5f5f63695f6c6173745f726567656e65726174657c693a313533383032383338363b),
('aa43d285e6664f8317107244bae3b6d8', '127.0.0.1', 1538028740, 0x5f5f63695f6c6173745f726567656e65726174657c693a313533383032383734303b),
('aad1f77fa6de3494fd5157f8a5a7c1b6', '127.0.0.1', 1538025641, 0x5f5f63695f6c6173745f726567656e65726174657c693a313533383032353634313b),
('ab91246fd84abab8a7a5207f8f2cfaaeede65246', '127.0.0.1', 1538088561, 0x5f5f63695f6c6173745f726567656e65726174657c693a313533383038383237323b7573725f69647c733a313a2231223b7573725f6e616d657c733a31373a2261646d696e4063616b6573616c652e7065223b7573725f70617373776f72647c733a34303a2235366635393530623732383834396430623937633162636366313639316330393061623637333463223b7573725f67726f75707c733a313a2231223b73747574737c733a373a227075626c697368223b74656c6570686f6e657c733a373a2233323432333432223b66756c6c5f6e616d657c733a31343a226173646173642064617364617364223b66697273745f6e616d657c733a363a22617364617364223b6c6173745f6e616d657c733a373a2264617364617364223b646972656363696f6e7c733a383a226466736466736466223b666163747572615f7275637c733a303a22223b666163747572615f646972656363696f6e7c733a303a22223b666163747572615f72617a6f6e5f736f6369616c7c733a303a22223b686173687c733a313a2231223b),
('b166b50896565851ca35b739ce3d3ae9', '127.0.0.1', 1538028435, 0x5f5f63695f6c6173745f726567656e65726174657c693a313533383032383433353b),
('b17509ea6ed8d34ffd51a8001c13e8ad', '127.0.0.1', 1538028506, 0x5f5f63695f6c6173745f726567656e65726174657c693a313533383032383530363b),
('b1a32ca990a3982abbdf6a2135cc4abd', '127.0.0.1', 1538028594, 0x5f5f63695f6c6173745f726567656e65726174657c693a313533383032383539343b),
('b22b0f82bd76244e5966607eaef6132518a17bb4', '127.0.0.1', 1538091524, 0x5f5f63695f6c6173745f726567656e65726174657c693a313533383039313437383b7573725f69647c733a323a223139223b7573725f6e616d657c733a32303a2264696573746f6e65323940676d61696c2e636f6d223b7573725f70617373776f72647c733a34303a2231663832656137356335636335323637323965326435383161656233616563636665663434303765223b7573725f67726f75707c733a313a2233223b73747574737c733a373a227075626c697368223b74656c6570686f6e657c733a393a22363534353435343635223b66756c6c5f6e616d657c733a31323a22446965676f204361726c6f73223b66697273745f6e616d657c733a353a22446965676f223b6c6173745f6e616d657c733a363a224361726c6f73223b646972656363696f6e7c733a31373a226461736d646b6a61736b6c6a646b6c6173223b666163747572615f7275637c733a303a22223b666163747572615f646972656363696f6e7c733a303a22223b666163747572615f72617a6f6e5f736f6369616c7c733a303a22223b686173687c733a34303a2230303135396431663534393665653761343739633632313132616136316563343937346163323364223b636172745f636f6e74656e74737c613a333a7b733a31303a22636172745f746f74616c223b643a31363b733a31313a22746f74616c5f6974656d73223b643a313b733a33323a223266363366363938386163393337646131623162383365323765326561616463223b613a373a7b733a323a226964223b733a313a2232223b733a333a22717479223b643a313b733a353a227072696365223b643a31363b733a343a226e616d65223b733a36363a22546f727461206d61736120656cc3a173746963612064697365c3b161646f2064652070696b616368752c2072656c6c656e6f20646520626973636f636875656c6f2e223b733a373a226f7074696f6e73223b613a333a7b733a393a22706f7263696f6e6573223b733a323a223230223b733a373a226d656e73616a65223b733a31313a226a61736b6a646b6c6a6173223b733a31363a226573706563696669636163696f6e6573223b733a31303a2273646173646164617364223b7d733a353a22726f776964223b733a33323a223266363366363938386163393337646131623162383365323765326561616463223b733a383a22737562746f74616c223b643a31363b7d7d73686f7070696e675f636172747c613a333a7b733a353a226974656d73223b613a313a7b693a303b613a353a7b733a323a226964223b733a313a2232223b733a343a226e616d65223b733a36363a22546f727461206d61736120656cc3a173746963612064697365c3b161646f2064652070696b616368752c2072656c6c656e6f20646520626973636f636875656c6f2e223b733a333a22717479223b643a313b733a353a227072696365223b643a31363b693a303b693a323b7d7d733a31313a22686964655f736c69646572223b623a313b733a31333a2273686f7070696e675f63617274223b613a363a7b733a353a226974656d73223b613a313a7b693a303b613a353a7b733a323a226964223b733a313a2232223b733a343a226e616d65223b733a36363a22546f727461206d61736120656cc3a173746963612064697365c3b161646f2064652070696b616368752c2072656c6c656e6f20646520626973636f636875656c6f2e223b733a333a22717479223b643a313b733a353a227072696365223b643a31363b693a303b693a323b7d7d733a383a227368697070696e67223b693a303b733a383a2268616e646c696e67223b693a303b733a333a22746178223b693a303b733a383a22737562746f74616c223b643a31363b733a31313a226772616e645f746f74616c223b643a31363b7d7d50617950616c526573756c747c613a31323a7b733a353a22544f4b454e223b733a32303a2245432d3942523734343035595535343531383253223b733a393a2254494d455354414d50223b733a32303a22323031382d30392d32375432333a33383a34335a223b733a31333a22434f5252454c4154494f4e4944223b733a31333a2235383535353234323966663438223b733a333a2241434b223b733a373a2253756363657373223b733a373a2256455253494f4e223b733a353a223132332e30223b733a353a224255494c44223b733a383a223439333033333230223b733a32333a22524544495245435455524c4449474954414c474f4f4453223b733a38373a2268747470733a2f2f7777772e73616e64626f782e70617970616c2e636f6d2f696e636f6e746578743f75736572616374696f6e3d636f6e74696e756526746f6b656e3d45432d3942523734343035595535343531383253223b733a31313a22524544495245435455524c223b733a3131343a2268747470733a2f2f7777772e73616e64626f782e70617970616c2e636f6d2f6367692d62696e2f7765627363723f636d643d5f657870726573732d636865636b6f75742675736572616374696f6e3d636f6e74696e756526746f6b656e3d45432d3942523734343035595535343531383253223b733a363a224552524f5253223b613a303a7b7d733a31313a225245515545535444415441223b613a31343a7b733a343a2255534552223b733a34303a2273616e64626f5f313231353235343736345f62697a5f617069312e616e67656c6c6579652e636f6d223b733a333a22505744223b733a31303a2231323135323534373734223b733a373a2256455253494f4e223b733a353a223132332e30223b733a31323a22425554544f4e534f55524345223b733a31383a22416e67656c6c4559455f504850436c617373223b733a393a225349474e4154555245223b733a35363a2241694b5a684545504c4a6a534963637a2e324d2e746279573559467741623645336c366d792e7059396272317a3271784b78393657313876223b733a363a224d4554484f44223b733a31383a2253657445787072657373436865636b6f7574223b733a363a224d4158414d54223b733a323a223332223b733a393a2252455455524e55524c223b733a35313a22687474703a2f2f63616b6573616c652e70652f7469656e64612f47657445787072657373436865636b6f757444657461696c73223b733a393a2243414e43454c55524c223b733a34323a22687474703a2f2f63616b6573616c652e70652f7469656e64612f70656469646f5f63616e63656c61646f223b733a363a22484452494d47223b733a33363a2268747470733a2f2f696d6167652e6962622e636f2f6b73535258392f6c6f676f2e6a7067223b733a373a224c4f474f494d47223b733a33363a2268747470733a2f2f696d6167652e6962622e636f2f6b73535258392f6c6f676f2e6a7067223b733a393a224252414e444e414d45223b733a393a2243616b652053616c65223b733a32313a22435553544f4d4552534552564943454e554d424552223b733a393a22393836353332333630223b733a32303a225041594d454e54524551554553545f305f414d54223b733a323a223136223b7d733a31303a2252415752455155455354223b733a3532393a22555345523d73616e64626f5f313231353235343736345f62697a5f617069312e616e67656c6c6579652e636f6d265057443d313231353235343737342656455253494f4e3d3132332e3026425554544f4e534f555243453d416e67656c6c4559455f504850436c617373265349474e41545552453d41694b5a684545504c4a6a534963637a2e324d2e746279573559467741623645336c366d792e7059396272317a3271784b78393657313876264d4554484f443d53657445787072657373436865636b6f7574264d4158414d543d33322652455455524e55524c3d6874747025334125324625324663616b6573616c652e70652532467469656e646125324647657445787072657373436865636b6f757444657461696c732643414e43454c55524c3d6874747025334125324625324663616b6573616c652e70652532467469656e646125324670656469646f5f63616e63656c61646f26484452494d473d6874747073253341253246253246696d6167652e6962622e636f2532466b73535258392532466c6f676f2e6a7067264c4f474f494d473d6874747073253341253246253246696d6167652e6962622e636f2532466b73535258392532466c6f676f2e6a7067264252414e444e414d453d43616b652b53616c6526435553544f4d4552534552564943454e554d4245523d393836353332333630265041594d454e54524551554553545f305f414d543d3136223b733a31313a22524157524553504f4e5345223b733a3133383a22544f4b454e3d454325326439425237343430355955353435313832532654494d455354414d503d3230313825326430392532643237543233253361333825336134335a26434f5252454c4154494f4e49443d353835353532343239666634382641434b3d537563636573732656455253494f4e3d31323325326530264255494c443d3439333033333230223b7d),
('b3cbaafa9dc0091ca4438ba3dbe2c678', '127.0.0.1', 1538026973, 0x5f5f63695f6c6173745f726567656e65726174657c693a313533383032363937333b),
('b4555d109a8aa1ca7d5a9d3a1af3ba79', '127.0.0.1', 1538028624, 0x5f5f63695f6c6173745f726567656e65726174657c693a313533383032383632343b),
('b5c2e294857fc86c3a4a4eda4ace9144', '127.0.0.1', 1538025643, 0x5f5f63695f6c6173745f726567656e65726174657c693a313533383032353634333b),
('b6aabb27df1dd8a2e302f0c86243b34f12830356', '127.0.0.1', 1538188240, 0x5f5f63695f6c6173745f726567656e65726174657c693a313533383138383133383b73686f7070696e675f636172747c613a333a7b733a353a226974656d73223b613a303a7b7d733a31313a22686964655f736c69646572223b623a313b733a31333a2273686f7070696e675f63617274223b613a363a7b733a353a226974656d73223b613a303a7b7d733a383a227368697070696e67223b693a303b733a383a2268616e646c696e67223b693a303b733a333a22746178223b693a303b733a383a22737562746f74616c223b693a303b733a31313a226772616e645f746f74616c223b693a303b7d7d7573725f69647c733a323a223139223b7573725f6e616d657c733a32303a2264696573746f6e65323940676d61696c2e636f6d223b7573725f70617373776f72647c733a34303a2231663832656137356335636335323637323965326435383161656233616563636665663434303765223b7573725f67726f75707c733a313a2233223b73747574737c733a373a227075626c697368223b74656c6570686f6e657c733a393a22363534353435343635223b66756c6c5f6e616d657c733a31323a22446965676f204361726c6f73223b66697273745f6e616d657c733a353a22446965676f223b6c6173745f6e616d657c733a363a224361726c6f73223b646972656363696f6e7c733a31373a226461736d646b6a61736b6c6a646b6c6173223b666163747572615f7275637c733a303a22223b666163747572615f646972656363696f6e7c733a303a22223b666163747572615f72617a6f6e5f736f6369616c7c733a303a22223b686173687c733a34303a2230303135396431663534393665653761343739633632313132616136316563343937346163323364223b),
('b7f82123f7932a0d86daef0c1bf85c4d', '127.0.0.1', 1538027750, 0x5f5f63695f6c6173745f726567656e65726174657c693a313533383032373735303b),
('b985540991e1a99bf2bc5cd5fea4d06a', '127.0.0.1', 1538027837, 0x5f5f63695f6c6173745f726567656e65726174657c693a313533383032373833373b),
('bb8ab00eaf2c84fad20260fde9cc14b0', '127.0.0.1', 1538028507, 0x5f5f63695f6c6173745f726567656e65726174657c693a313533383032383530373b),
('bcfbcb30c1c210161349b97fe5c61308', '127.0.0.1', 1538028596, 0x5f5f63695f6c6173745f726567656e65726174657c693a313533383032383539363b),
('bdc90d7b4764cadcae60cdf976c4c6fc', '127.0.0.1', 1538028515, 0x5f5f63695f6c6173745f726567656e65726174657c693a313533383032383531353b),
('bf6d029f4c240f17c6feb7a17f99139c', '127.0.0.1', 1538025641, 0x5f5f63695f6c6173745f726567656e65726174657c693a313533383032353634313b),
('c058b17735c5958e15035e3a05249f3c4631ded2', '127.0.0.1', 1538064611, 0x5f5f63695f6c6173745f726567656e65726174657c693a313533383036343335393b7573725f69647c733a313a2231223b7573725f6e616d657c733a31373a2261646d696e4063616b6573616c652e7065223b7573725f70617373776f72647c733a34303a2235366635393530623732383834396430623937633162636366313639316330393061623637333463223b7573725f67726f75707c733a313a2231223b73747574737c733a373a227075626c697368223b74656c6570686f6e657c733a373a2233323432333432223b66756c6c5f6e616d657c733a31343a226173646173642064617364617364223b66697273745f6e616d657c733a363a22617364617364223b6c6173745f6e616d657c733a373a2264617364617364223b646972656363696f6e7c733a383a226466736466736466223b666163747572615f7275637c733a303a22223b666163747572615f646972656363696f6e7c733a303a22223b666163747572615f72617a6f6e5f736f6369616c7c733a303a22223b686173687c733a313a2231223b),
('c07852255667de6b0c12b4e9372efce7', '127.0.0.1', 1538028193, 0x5f5f63695f6c6173745f726567656e65726174657c693a313533383032383139333b6c6f675f737563636573737c733a34323a2253652061637475616c697ac3b3206c6120636f6e74726165c3b16120636f7272656374616d656e74652e223b5f5f63695f766172737c613a313a7b733a31313a226c6f675f73756363657373223b733a333a226e6577223b7d),
('c20ff729dcc7e1058a65ac9afba65fe8', '127.0.0.1', 1538028314, 0x5f5f63695f6c6173745f726567656e65726174657c693a313533383032383331343b),
('c226a74fd4963e20523bd75d0a7b80b7', '127.0.0.1', 1538028515, 0x5f5f63695f6c6173745f726567656e65726174657c693a313533383032383531353b),
('c2d634b5cca0a65168e5fa3735318efc', '127.0.0.1', 1538028360, 0x5f5f63695f6c6173745f726567656e65726174657c693a313533383032383336303b),
('c3615f7f7908ac6e47c2f16977759e73', '127.0.0.1', 1538028587, 0x5f5f63695f6c6173745f726567656e65726174657c693a313533383032383538373b),
('c4947cfd63329b3f1a5e106666796bfc4270ac78', '127.0.0.1', 1538066431, 0x5f5f63695f6c6173745f726567656e65726174657c693a313533383036363433313b),
('c4cbb0fd45e881f0c6a6b2cb4a09138f', '127.0.0.1', 1538028602, 0x5f5f63695f6c6173745f726567656e65726174657c693a313533383032383630323b),
('c586b12cee5dc146265d609922ff5ece', '127.0.0.1', 1538028531, 0x5f5f63695f6c6173745f726567656e65726174657c693a313533383032383533313b),
('c5f3d6eddbc4cc517e684f0306b539f2', '127.0.0.1', 1538026980, 0x5f5f63695f6c6173745f726567656e65726174657c693a313533383032363938303b),
('c693400f97b4309984606e72d0f6771e', '127.0.0.1', 1538028536, 0x5f5f63695f6c6173745f726567656e65726174657c693a313533383032383533363b),
('c6af855d925b8f17b706e9329c7068f3', '127.0.0.1', 1538028443, 0x5f5f63695f6c6173745f726567656e65726174657c693a313533383032383434333b),
('c7fb01361b890de21aea039e2030555e', '127.0.0.1', 1538028428, 0x5f5f63695f6c6173745f726567656e65726174657c693a313533383032383432383b),
('c86d644f3c7cb21f8845aabd87a4b054', '127.0.0.1', 1538028194, 0x5f5f63695f6c6173745f726567656e65726174657c693a313533383032383139343b),
('c9223891cab36a56caca3b38a571b8af', '127.0.0.1', 1538028235, 0x5f5f63695f6c6173745f726567656e65726174657c693a313533383032383233353b),
('c98d3d6cb8eb2c5ec0cd214ec0597128', '127.0.0.1', 1538025640, 0x5f5f63695f6c6173745f726567656e65726174657c693a313533383032353634303b),
('cb0ff17dc8c56f81148ccdf65c76dfea2ebd7411', '127.0.0.1', 1538065324, 0x5f5f63695f6c6173745f726567656e65726174657c693a313533383036353035363b7573725f69647c733a313a2231223b7573725f6e616d657c733a31373a2261646d696e4063616b6573616c652e7065223b7573725f70617373776f72647c733a34303a2235366635393530623732383834396430623937633162636366313639316330393061623637333463223b7573725f67726f75707c733a313a2231223b73747574737c733a373a227075626c697368223b74656c6570686f6e657c733a373a2233323432333432223b66756c6c5f6e616d657c733a31343a226173646173642064617364617364223b66697273745f6e616d657c733a363a22617364617364223b6c6173745f6e616d657c733a373a2264617364617364223b646972656363696f6e7c733a383a226466736466736466223b666163747572615f7275637c733a303a22223b666163747572615f646972656363696f6e7c733a303a22223b666163747572615f72617a6f6e5f736f6369616c7c733a303a22223b686173687c733a313a2231223b),
('cbd3045f88fc4616d7b1c285cb8d1ece', '127.0.0.1', 1538028734, 0x5f5f63695f6c6173745f726567656e65726174657c693a313533383032383733343b),
('cbef1cf29dc61f2596dd4ed9345c5612', '127.0.0.1', 1538028777, 0x5f5f63695f6c6173745f726567656e65726174657c693a313533383032383737373b7573725f69647c733a313a2235223b7573725f6e616d657c733a31313a226e69636f406562702e7065223b7573725f70617373776f72647c733a34303a2231663832656137356335636335323637323965326435383161656233616563636665663434303765223b7573725f67726f75707c733a313a2233223b73747574737c733a373a227075626c697368223b74656c6570686f6e657c733a303a22223b66756c6c5f6e616d657c733a343a224e49434f223b66697273745f6e616d657c733a303a22223b6c6173745f6e616d657c733a303a22223b646972656363696f6e7c733a303a22223b666163747572615f7275637c733a303a22223b666163747572615f646972656363696f6e7c733a303a22223b666163747572615f72617a6f6e5f736f6369616c7c733a303a22223b686173687c733a34303a2231343238646632373961396134666234633036303831366565383965363061343430376632373035223b6c6f675f737563636573737c733a34323a2253652061637475616c697ac3b3206c6120636f6e74726165c3b16120636f7272656374616d656e74652e223b5f5f63695f766172737c613a313a7b733a31313a226c6f675f73756363657373223b733a333a226e6577223b7d),
('ccb7f5f54853d52b540718fc69904092', '127.0.0.1', 1538025948, 0x5f5f63695f6c6173745f726567656e65726174657c693a313533383032353934383b),
('ceceb389bb5e8050f92730c5fccbf3ff', '127.0.0.1', 1538025747, 0x5f5f63695f6c6173745f726567656e65726174657c693a313533383032353734373b),
('cf1dc3de76cac43d56a82ea0b389469d', '127.0.0.1', 1538025642, 0x5f5f63695f6c6173745f726567656e65726174657c693a313533383032353634323b),
('cf6ad3d48f02d4d5c7267cf594b5996a', '127.0.0.1', 1538028454, 0x5f5f63695f6c6173745f726567656e65726174657c693a313533383032383435343b),
('cfb0055d84ee6151e9e11da17de1b3bc', '127.0.0.1', 1538028435, 0x5f5f63695f6c6173745f726567656e65726174657c693a313533383032383433353b),
('d01bcc4c39a42b52ca81057abb557701d4b3d175', '127.0.0.1', 1538069066, 0x5f5f63695f6c6173745f726567656e65726174657c693a313533383036393036363b),
('d141d02315b4d3a001c84c64f733dca6', '127.0.0.1', 1538025644, 0x5f5f63695f6c6173745f726567656e65726174657c693a313533383032353634343b),
('d2b8b1c3161d80b688318244f0c51ef3', '127.0.0.1', 1538028181, 0x5f5f63695f6c6173745f726567656e65726174657c693a313533383032383138313b),
('d74cae24b09b1e7c2de11e5bd6c912fa', '127.0.0.1', 1538027819, 0x5f5f63695f6c6173745f726567656e65726174657c693a313533383032373831393b),
('d8a8c3dcd43ece9b19a0b9214151b90a', '127.0.0.1', 1538028582, 0x5f5f63695f6c6173745f726567656e65726174657c693a313533383032383538323b),
('d9e677321e9af098be8b2c55c35ed028', '127.0.0.1', 1538028463, 0x5f5f63695f6c6173745f726567656e65726174657c693a313533383032383436333b),
('daa7f450902df1b988b1bccca6d931d5', '127.0.0.1', 1538028602, 0x5f5f63695f6c6173745f726567656e65726174657c693a313533383032383630323b7573725f69647c733a313a2235223b7573725f6e616d657c733a31313a226e69636f406562702e7065223b7573725f70617373776f72647c733a34303a2231663832656137356335636335323637323965326435383161656233616563636665663434303765223b7573725f67726f75707c733a313a2233223b73747574737c733a373a227075626c697368223b74656c6570686f6e657c733a303a22223b66756c6c5f6e616d657c733a343a224e49434f223b66697273745f6e616d657c733a303a22223b6c6173745f6e616d657c733a303a22223b646972656363696f6e7c733a303a22223b666163747572615f7275637c733a303a22223b666163747572615f646972656363696f6e7c733a303a22223b666163747572615f72617a6f6e5f736f6369616c7c733a303a22223b686173687c733a34303a2238313236643836616537356631663264333535316431613761316165663233376665636564363739223b6c6f675f737563636573737c733a33303a2253657369c3b36e20696e69636961646120636f7272656374616d656e7465223b5f5f63695f766172737c613a313a7b733a31313a226c6f675f73756363657373223b733a333a226e6577223b7d),
('dac6af03879e9b8b91863736c0173c35', '127.0.0.1', 1538025673, 0x5f5f63695f6c6173745f726567656e65726174657c693a313533383032353637333b),
('dc118e915dd744fef24fadf3adfd8a747f1020fc', '127.0.0.1', 1538534136, 0x5f5f63695f6c6173745f726567656e65726174657c693a313533383533333935363b7573725f69647c733a323a223235223b7573725f6e616d657c733a32303a2270727565626131354063616b6573616c652e7065223b7573725f70617373776f72647c733a34303a2237663036633034643539626438333630353139333632316538643064363933626433306364633965223b7573725f67726f75707c733a313a2233223b73747574737c733a373a227075626c697368223b74656c6570686f6e657c733a303a22223b66756c6c5f6e616d657c733a303a22223b66697273745f6e616d657c733a303a22223b6c6173745f6e616d657c733a303a22223b646972656363696f6e7c733a303a22223b666163747572615f7275637c733a303a22223b666163747572615f646972656363696f6e7c733a303a22223b666163747572615f72617a6f6e5f736f6369616c7c733a303a22223b686173687c733a303a22223b),
('dc5ddc9027b6e0f5ce9d9c9f13b7a6e3', '127.0.0.1', 1538028437, 0x5f5f63695f6c6173745f726567656e65726174657c693a313533383032383433373b),
('dce5d3a827cbc58885be2577754a575f', '127.0.0.1', 1538028435, 0x5f5f63695f6c6173745f726567656e65726174657c693a313533383032383433353b),
('e162507d4c654c5c9d7a61e18125efff', '127.0.0.1', 1538026957, 0x5f5f63695f6c6173745f726567656e65726174657c693a313533383032363935373b),
('e205b51a5d88fd6cfe4aaefb3f897cd6', '127.0.0.1', 1538028052, 0x5f5f63695f6c6173745f726567656e65726174657c693a313533383032383035323b),
('e35b42264fe38d1ba19f35067598164f8e4478f6', '127.0.0.1', 1538533892, 0x5f5f63695f6c6173745f726567656e65726174657c693a313533383533333839323b7573725f69647c733a313a2231223b7573725f6e616d657c733a31373a2261646d696e4063616b6573616c652e7065223b7573725f70617373776f72647c733a34303a2235366635393530623732383834396430623937633162636366313639316330393061623637333463223b7573725f67726f75707c733a313a2231223b73747574737c733a373a227075626c697368223b74656c6570686f6e657c733a373a2233323432333432223b66756c6c5f6e616d657c733a31343a226173646173642064617364617364223b66697273745f6e616d657c733a363a22617364617364223b6c6173745f6e616d657c733a373a2264617364617364223b646972656363696f6e7c733a383a226466736466736466223b666163747572615f7275637c733a303a22223b666163747572615f646972656363696f6e7c733a303a22223b666163747572615f72617a6f6e5f736f6369616c7c733a303a22223b686173687c733a313a2231223b),
('e678a2f0d914bf4236a47d57236774e1', '127.0.0.1', 1538028301, 0x5f5f63695f6c6173745f726567656e65726174657c693a313533383032383330313b),
('e715d127db92aaa89b4295932c4bcb80', '127.0.0.1', 1538028593, 0x5f5f63695f6c6173745f726567656e65726174657c693a313533383032383539333b7573725f69647c733a313a2235223b7573725f6e616d657c733a31313a226e69636f406562702e7065223b7573725f70617373776f72647c733a34303a2231663832656137356335636335323637323965326435383161656233616563636665663434303765223b7573725f67726f75707c733a313a2233223b73747574737c733a373a227075626c697368223b74656c6570686f6e657c733a303a22223b66756c6c5f6e616d657c733a343a224e49434f223b66697273745f6e616d657c733a303a22223b6c6173745f6e616d657c733a303a22223b646972656363696f6e7c733a303a22223b666163747572615f7275637c733a303a22223b666163747572615f646972656363696f6e7c733a303a22223b666163747572615f72617a6f6e5f736f6369616c7c733a303a22223b686173687c733a34303a2238313236643836616537356631663264333535316431613761316165663233376665636564363739223b6c6f675f737563636573737c733a34323a2253652061637475616c697ac3b3206c6120636f6e74726165c3b16120636f7272656374616d656e74652e223b5f5f63695f766172737c613a313a7b733a31313a226c6f675f73756363657373223b733a333a226e6577223b7d),
('e73c1f7efc26a3c3eafae7c61458749b', '127.0.0.1', 1538028301, 0x5f5f63695f6c6173745f726567656e65726174657c693a313533383032383330313b6c6f675f737563636573737c733a34323a2253652061637475616c697ac3b3206c6120636f6e74726165c3b16120636f7272656374616d656e74652e223b5f5f63695f766172737c613a313a7b733a31313a226c6f675f73756363657373223b733a333a226e6577223b7d),
('e7f5be5c3abde2efcb3964a541818898', '127.0.0.1', 1538028541, 0x5f5f63695f6c6173745f726567656e65726174657c693a313533383032383534313b6c6f675f737563636573737c733a34323a2253652061637475616c697ac3b3206c6120636f6e74726165c3b16120636f7272656374616d656e74652e223b5f5f63695f766172737c613a313a7b733a31313a226c6f675f73756363657373223b733a333a226e6577223b7d),
('e972ea4d3d3b712febf53adf85f92015cb72eb99', '127.0.0.1', 1538029819, 0x5f5f63695f6c6173745f726567656e65726174657c693a313533383032393738393b),
('e9af45ed1c6766efa70a575310bba326', '127.0.0.1', 1538028593, 0x5f5f63695f6c6173745f726567656e65726174657c693a313533383032383539333b),
('ea1cec3045c73550389a3371b180a95d', '127.0.0.1', 1538025752, 0x5f5f63695f6c6173745f726567656e65726174657c693a313533383032353735323b),
('ed4b858393bcf0f45b0437827fe389807ffbb4e7', '127.0.0.1', 1538086704, 0x5f5f63695f6c6173745f726567656e65726174657c693a313533383038363437353b7573725f69647c733a323a223139223b7573725f6e616d657c733a32303a2264696573746f6e65323940676d61696c2e636f6d223b7573725f70617373776f72647c733a34303a2231663832656137356335636335323637323965326435383161656233616563636665663434303765223b7573725f67726f75707c733a313a2233223b73747574737c733a373a227075626c697368223b74656c6570686f6e657c733a393a22363534353435343635223b66756c6c5f6e616d657c733a31323a22446965676f204361726c6f73223b66697273745f6e616d657c733a353a22446965676f223b6c6173745f6e616d657c733a363a224361726c6f73223b646972656363696f6e7c733a31373a226461736d646b6a61736b6c6a646b6c6173223b666163747572615f7275637c733a303a22223b666163747572615f646972656363696f6e7c733a303a22223b666163747572615f72617a6f6e5f736f6369616c7c733a303a22223b686173687c733a34303a2230303135396431663534393665653761343739633632313132616136316563343937346163323364223b),
('edfb0bb066b3ac88b0f29b284a1b4cf6', '127.0.0.1', 1538028583, 0x5f5f63695f6c6173745f726567656e65726174657c693a313533383032383538333b),
('eed5ec5d67fe0719bd65cf846ae17f6f', '127.0.0.1', 1538028194, 0x5f5f63695f6c6173745f726567656e65726174657c693a313533383032383139343b),
('ef1d7457ab7d7f2480a9fa3370680040', '127.0.0.1', 1538028602, 0x5f5f63695f6c6173745f726567656e65726174657c693a313533383032383630323b),
('f06c4d384081fc11a2b7cf7e0a76b34f', '127.0.0.1', 1538028490, 0x5f5f63695f6c6173745f726567656e65726174657c693a313533383032383439303b),
('f1566593d9293f45b003d8089dda6f33', '127.0.0.1', 1538028777, 0x5f5f63695f6c6173745f726567656e65726174657c693a313533383032383737373b),
('f5d14c30a5bbb62229166aebf8180c341255f362', '127.0.0.1', 1538497510, 0x5f5f63695f6c6173745f726567656e65726174657c693a313533383439373238363b7573725f69647c733a313a2231223b7573725f6e616d657c733a31373a2261646d696e4063616b6573616c652e7065223b7573725f70617373776f72647c733a34303a2235366635393530623732383834396430623937633162636366313639316330393061623637333463223b7573725f67726f75707c733a313a2231223b73747574737c733a373a227075626c697368223b74656c6570686f6e657c733a373a2233323432333432223b66756c6c5f6e616d657c733a31343a226173646173642064617364617364223b66697273745f6e616d657c733a363a22617364617364223b6c6173745f6e616d657c733a373a2264617364617364223b646972656363696f6e7c733a383a226466736466736466223b666163747572615f7275637c733a303a22223b666163747572615f646972656363696f6e7c733a303a22223b666163747572615f72617a6f6e5f736f6369616c7c733a303a22223b686173687c733a313a2231223b),
('f6e58fc1db7a28a6ce8a4e0cfff274c5', '127.0.0.1', 1538028454, 0x5f5f63695f6c6173745f726567656e65726174657c693a313533383032383435343b),
('f78127fc7ccd23ad6f2e017e8445b651', '127.0.0.1', 1538028624, 0x5f5f63695f6c6173745f726567656e65726174657c693a313533383032383632343b),
('f78645854f90d445ba208536d514f16d', '127.0.0.1', 1538028052, 0x5f5f63695f6c6173745f726567656e65726174657c693a313533383032383035323b),
('f7b3f6323e2d0b3e8848cdd054f6f07d', '127.0.0.1', 1538028463, 0x5f5f63695f6c6173745f726567656e65726174657c693a313533383032383436333b),
('f7b6be737f1b144999d8850f26699352da4bde33', '127.0.0.1', 1538082718, 0x5f5f63695f6c6173745f726567656e65726174657c693a313533383038323538353b),
('f8024d381596b5395409984d27d25a89', '127.0.0.1', 1538025646, 0x5f5f63695f6c6173745f726567656e65726174657c693a313533383032353634363b),
('f93d96a5e3155dd94aca3988288eba92', '127.0.0.1', 1538025953, 0x5f5f63695f6c6173745f726567656e65726174657c693a313533383032353935333b),
('fb38515da350ca8d162da4ced9999344', '127.0.0.1', 1538028602, 0x5f5f63695f6c6173745f726567656e65726174657c693a313533383032383630323b),
('fb5c4383b105d67ae891127714873f387052d334', '127.0.0.1', 1538513828, 0x5f5f63695f6c6173745f726567656e65726174657c693a313533383531333734383b),
('fcc7769c982370a81aa09736040a0b79', '127.0.0.1', 1538028443, 0x5f5f63695f6c6173745f726567656e65726174657c693a313533383032383434333b),
('fcea2effa88739a46033ee1db6976a57', '127.0.0.1', 1538028385, 0x5f5f63695f6c6173745f726567656e65726174657c693a313533383032383338353b),
('ffd91b4f49befb58d2e010e8b39698ad', '127.0.0.1', 1538025645, 0x5f5f63695f6c6173745f726567656e65726174657c693a313533383032353634353b);

-- --------------------------------------------------------

--
-- Estructura de tabla para la tabla `users`
--

CREATE TABLE IF NOT EXISTS `users` (
  `usr_id` int(10) NOT NULL,
  `usr_name` varchar(25) NOT NULL,
  `usr_password` varchar(60) NOT NULL,
  `usr_group` tinyint(1) NOT NULL,
  `stuts` enum('publish','trash') NOT NULL,
  `telephone` varchar(9) NOT NULL,
  `full_name` varchar(200) NOT NULL,
  `first_name` varchar(100) NOT NULL,
  `last_name` varchar(100) NOT NULL,
  `direccion` varchar(200) NOT NULL,
  `factura_ruc` varchar(11) NOT NULL,
  `factura_direccion` varchar(200) NOT NULL,
  `factura_razon_social` varchar(200) NOT NULL,
  `hash` varchar(300) NOT NULL
) ENGINE=InnoDB AUTO_INCREMENT=26 DEFAULT CHARSET=utf8;

--
-- Volcado de datos para la tabla `users`
--

INSERT INTO `users` (`usr_id`, `usr_name`, `usr_password`, `usr_group`, `stuts`, `telephone`, `full_name`, `first_name`, `last_name`, `direccion`, `factura_ruc`, `factura_direccion`, `factura_razon_social`, `hash`) VALUES
(1, 'admin@cakesale.pe', '56f5950b728849d0b97c1bccf1691c090ab6734c', 1, 'publish', '3242342', 'asdasd dasdasd', 'asdasd', 'dasdasd', 'dfsdfsdf', '', '', '', '1'),
(5, 'nico@ebp.pe', '1f82ea75c5cc526729e2d581aeb3aeccfef4407e', 3, 'publish', '', 'NICO', '', '', '', '', '', '', '1428df279a9a4fb4c060816ee89e60a4407f2705'),
(7, 'nico3@ebp.pe', 'fe703d258c7ef5f50b71e06565a65aa07194907f', 3, 'trash', '', 'NICO', '', '', '', '', '', '', '2'),
(8, 'Diego@cakesale.com', '10470c3b4b1fed12c3baac014be15fac67c6e815', 3, 'publish', '', 'NICO', '', '', '', '', '', '', '3'),
(9, 'prueba@cakesale.pe', '10470c3b4b1fed12c3baac014be15fac67c6e815', 3, 'publish', '23121231', 'diego carlos', 'diego', 'carlos', 'Callao, Los portales del aeropuerto Mz J lote 24', '', '', '', '4'),
(10, 'prueba2@cakesale.pe', 'fe703d258c7ef5f50b71e06565a65aa07194907f', 3, 'publish', '993791679', 'sdfsdf sdfsdfsdf', 'sdfsdf', 'sdfsdfsdf', 'Callao, Los portales del aeropuerto Mz J lote 24', '', '', '', '5'),
(11, 'prueba3@cakesale.pe', 'fe703d258c7ef5f50b71e06565a65aa07194907f', 3, 'publish', '23423', 'asdas asdasd', 'asdas', 'asdasd', 'Los portales del aeropuerto Mz J lote 24, Los portales del aeropuerto Mz J lote 24', '', '', '', '6'),
(12, 'lucero@cakesale.pe', '10470c3b4b1fed12c3baac014be15fac67c6e815', 3, 'trash', '', '', '', '', '', '', '', '', '7'),
(15, 'prueba6@cakesale.pe', '10470c3b4b1fed12c3baac014be15fac67c6e815', 2, 'publish', '123456789', 'prueba6@cakesale.pe hola', 'prueba6@cakesale.pe', 'hola', 'asdsad', '', '', '', '8'),
(16, 'prueba7@cakesale.pe', 'fe703d258c7ef5f50b71e06565a65aa07194907f', 1, 'trash', '993791679', 'Diego        Carlos Castillo', 'Diego', '       Carlos Castillo', 'asdkasmkmkads', '', '', '', '9'),
(17, 'prueba8@cakesale.pe', 'fe703d258c7ef5f50b71e06565a65aa07194907f', 3, 'publish', '546512312', 'Joel     anahue', 'Joel', '    anahue', 'sadasdasd', '', '', '', '10'),
(18, 'prueba9@cakesale.pe', 'fe703d258c7ef5f50b71e06565a65aa07194907f', 3, 'publish', '', '', '', '', '', '', '', '', '11'),
(19, 'diestone29@gmail.com', '1f82ea75c5cc526729e2d581aeb3aeccfef4407e', 3, 'publish', '654545465', 'Diego Carlos', 'Diego', 'Carlos', 'dasmdkjaskljdklas', '', '', '', '00159d1f5496ee7a479c62112aa61ec4974ac23d'),
(20, 'lucero01@cakesale.pe', '67a74306b06d0c01624fe0d0249a570f4d093747', 1, 'publish', '454646545', 'Lucero Olivares', 'Lucero', 'Olivares', 'ksajdjklas', '', '', '', ''),
(21, 'luis@cakesale.pe', '1f82ea75c5cc526729e2d581aeb3aeccfef4407e', 3, 'publish', '132123132', 'Luis Gamarra', 'Luis', 'Gamarra', 'jdskjfklhdslfkksdhfksdkf', '', '', '', ''),
(22, 'prueba10@cakesale.pe', 'f906e05e22b040bd9217acabf87aa166f1c20ea8', 3, 'publish', '123132154', 'Piero Quiñonez', 'Piero', 'Quiñonez', 'jkdfsjklfjkdsljkljds', '', '', '', ''),
(23, 'yamilhola@cakesale.pe', '1f82ea75c5cc526729e2d581aeb3aeccfef4407e', 3, 'publish', '123456789', 'Yamìl Quiñones', 'Yamìl', 'Quiñones', 'hdsjkhjkfdsksd', '', '', '', ''),
(24, 'prueba11@cakasale.pe', '7f06c04d59bd83605193621e8d0d693bd30cdc9e', 3, 'publish', '', '', '', '', '', '', '', '', ''),
(25, 'prueba15@cakesale.pe', '7f06c04d59bd83605193621e8d0d693bd30cdc9e', 3, 'publish', '', '', '', '', '', '', '', '', '');

--
-- Índices para tablas volcadas
--

--
-- Indices de la tabla `categories`
--
ALTER TABLE `categories`
  ADD PRIMARY KEY (`cat_id`),
  ADD UNIQUE KEY `slug` (`slug`);

--
-- Indices de la tabla `groups`
--
ALTER TABLE `groups`
  ADD PRIMARY KEY (`gro_id`);

--
-- Indices de la tabla `invoices`
--
ALTER TABLE `invoices`
  ADD PRIMARY KEY (`id`),
  ADD KEY `usr_id` (`usr_id`);

--
-- Indices de la tabla `orders`
--
ALTER TABLE `orders`
  ADD PRIMARY KEY (`id`),
  ADD KEY `invoice_id` (`invoice_id`),
  ADD KEY `product_id` (`product_id`);

--
-- Indices de la tabla `products`
--
ALTER TABLE `products`
  ADD PRIMARY KEY (`pro_id`),
  ADD UNIQUE KEY `pro_slug` (`pro_slug`),
  ADD KEY `cat_id` (`cat_id`);

--
-- Indices de la tabla `shop_session`
--
ALTER TABLE `shop_session`
  ADD PRIMARY KEY (`id`),
  ADD KEY `ci_sessions_timestamp` (`timestamp`);

--
-- Indices de la tabla `users`
--
ALTER TABLE `users`
  ADD PRIMARY KEY (`usr_id`),
  ADD UNIQUE KEY `usr_name` (`usr_name`),
  ADD KEY `usr_group` (`usr_group`);

--
-- AUTO_INCREMENT de las tablas volcadas
--

--
-- AUTO_INCREMENT de la tabla `categories`
--
ALTER TABLE `categories`
  MODIFY `cat_id` int(11) NOT NULL AUTO_INCREMENT,AUTO_INCREMENT=15;
--
-- AUTO_INCREMENT de la tabla `groups`
--
ALTER TABLE `groups`
  MODIFY `gro_id` tinyint(1) NOT NULL AUTO_INCREMENT,AUTO_INCREMENT=4;
--
-- AUTO_INCREMENT de la tabla `invoices`
--
ALTER TABLE `invoices`
  MODIFY `id` int(16) NOT NULL AUTO_INCREMENT,AUTO_INCREMENT=13;
--
-- AUTO_INCREMENT de la tabla `orders`
--
ALTER TABLE `orders`
  MODIFY `id` int(16) NOT NULL AUTO_INCREMENT,AUTO_INCREMENT=14;
--
-- AUTO_INCREMENT de la tabla `products`
--
ALTER TABLE `products`
  MODIFY `pro_id` int(16) NOT NULL AUTO_INCREMENT,AUTO_INCREMENT=26;
--
-- AUTO_INCREMENT de la tabla `users`
--
ALTER TABLE `users`
  MODIFY `usr_id` int(10) NOT NULL AUTO_INCREMENT,AUTO_INCREMENT=26;
--
-- Restricciones para tablas volcadas
--

--
-- Filtros para la tabla `invoices`
--
ALTER TABLE `invoices`
  ADD CONSTRAINT `invoices_ibfk_1` FOREIGN KEY (`usr_id`) REFERENCES `users` (`usr_id`);

--
-- Filtros para la tabla `orders`
--
ALTER TABLE `orders`
  ADD CONSTRAINT `orders_ibfk_1` FOREIGN KEY (`product_id`) REFERENCES `products` (`pro_id`),
  ADD CONSTRAINT `orders_ibfk_2` FOREIGN KEY (`invoice_id`) REFERENCES `invoices` (`id`);

--
-- Filtros para la tabla `products`
--
ALTER TABLE `products`
  ADD CONSTRAINT `products_ibfk_1` FOREIGN KEY (`cat_id`) REFERENCES `categories` (`cat_id`);

--
-- Filtros para la tabla `users`
--
ALTER TABLE `users`
  ADD CONSTRAINT `users_ibfk_1` FOREIGN KEY (`usr_group`) REFERENCES `groups` (`gro_id`);

/*!40101 SET CHARACTER_SET_CLIENT=@OLD_CHARACTER_SET_CLIENT */;
/*!40101 SET CHARACTER_SET_RESULTS=@OLD_CHARACTER_SET_RESULTS */;
/*!40101 SET COLLATION_CONNECTION=@OLD_COLLATION_CONNECTION */;
